"seg_id","time_to_failure"
"seg_00030f",3.91497683525085
"seg_0012b5",5.33352947235107
"seg_00184e",3.3241708278656
"seg_003339",3.18582367897034
"seg_0042cc",9.08302593231201
"seg_004314",3.25918054580688
"seg_004cd2",8.13870429992676
"seg_004ee5",8.67711734771729
"seg_004f1f",4.46670579910278
"seg_00648a",4.23583889007568
"seg_006e4a",2.756183385849
"seg_007a37",5.51769828796387
"seg_00a37e",3.15117835998535
"seg_00be11",8.63012218475342
"seg_00c35b",6.55178642272949
"seg_00cc91",8.98453998565674
"seg_00e5f7",7.78191041946411
"seg_00f3b9",7.83884334564209
"seg_010eab",4.99182987213135
"seg_0125d9",7.67825746536255
"seg_0144cb",3.37117576599121
"seg_0165c6",8.15651321411133
"seg_016913",4.16050434112549
"seg_016cdb",2.44943070411682
"seg_017314",5.82754564285278
"seg_01a8dc",4.43656635284424
"seg_01c775",4.88199615478516
"seg_01ecb0",8.32618141174316
"seg_02042f",4.65251111984253
"seg_025e78",3.43274760246277
"seg_032822",6.20432901382446
"seg_0339ca",4.86027860641479
"seg_037461",2.88458061218262
"seg_038879",8.85582733154297
"seg_03d386",4.13219738006592
"seg_03d63e",2.52771854400635
"seg_03d680",2.76821994781494
"seg_03f380",2.96336555480957
"seg_0445d7",5.54050016403198
"seg_046c28",3.2832248210907
"seg_0488a1",2.70389890670776
"seg_049957",6.74913263320923
"seg_04a696",3.89030814170837
"seg_04ae38",4.34438991546631
"seg_04b87a",3.12739372253418
"seg_04cceb",3.32133889198303
"seg_04ee93",3.81702017784119
"seg_04fd93",3.58331799507141
"seg_0536c9",8.36605167388916
"seg_055127",7.77225780487061
"seg_05a1b0",8.46014785766602
"seg_05a4ad",3.30234003067017
"seg_05b66a",8.03751754760742
"seg_05bef4",4.34961414337158
"seg_05e0d7",2.95409488677979
"seg_05f126",6.77219581604004
"seg_05f9d6",1.53045320510864
"seg_060ce4",8.95620536804199
"seg_061a33",5.62340688705444
"seg_0620e6",3.66895961761475
"seg_063865",7.80111312866211
"seg_065588",2.20514345169067
"seg_06893f",2.88412189483643
"seg_06b8c9",7.73378801345825
"seg_06bbc5",2.9349513053894
"seg_06d4a2",9.24740409851074
"seg_06d7ba",4.5111141204834
"seg_070bb0",3.09419655799866
"seg_071067",2.7836332321167
"seg_073696",6.44091367721558
"seg_075340",3.9407799243927
"seg_075f77",6.58887147903442
"seg_0775a7",10.1469631195068
"seg_077b7e",3.47922515869141
"seg_079e34",2.64442491531372
"seg_07c815",7.89552927017212
"seg_07cd72",5.77260780334473
"seg_07f37c",7.90074491500854
"seg_07f8df",7.91709184646606
"seg_07fc6d",6.13008546829224
"seg_086a61",4.23867988586426
"seg_0870ab",6.88902378082275
"seg_0879a8",6.99420642852783
"seg_08b136",3.21805238723755
"seg_08f441",3.27438569068909
"seg_08fd5b",4.26645088195801
"seg_091c9d",2.24742269515991
"seg_093a0a",6.02916765213013
"seg_0968f1",4.28805255889893
"seg_0981f3",5.10423803329468
"seg_09dd59",9.04981899261475
"seg_09ed4e",8.14988136291504
"seg_09f0ff",4.36151075363159
"seg_0a0fbb",4.35821342468262
"seg_0a1bd0",2.18882417678833
"seg_0a42ba",3.5625581741333
"seg_0a45a1",4.28907155990601
"seg_0a97c4",3.65768694877625
"seg_0aa0fb",4.304762840271
"seg_0b07c7",5.55279922485352
"seg_0b082e",2.27718091011047
"seg_0b32f7",7.81934261322021
"seg_0b3b94",3.73378014564514
"seg_0b48c4",6.8485951423645
"seg_0b4b24",7.44188451766968
"seg_0b54ac",8.60509490966797
"seg_0b76f5",2.47177696228027
"seg_0b9ad8",8.90697860717773
"seg_0b9ba3",3.00774145126343
"seg_0ba210",2.95666766166687
"seg_0ba585",4.33587026596069
"seg_0bb5fd",3.53223276138306
"seg_0bc877",6.06640768051147
"seg_0be6ee",9.425368309021
"seg_0c12cc",5.55863904953003
"seg_0c1d3a",5.07433700561523
"seg_0c247b",1.90871357917786
"seg_0c3943",2.85253977775574
"seg_0c4e31",4.00536870956421
"seg_0c74cf",4.13446140289307
"seg_0c8502",3.32285022735596
"seg_0c89ce",4.08778095245361
"seg_0c9aa8",9.47975921630859
"seg_0cb81b",3.69183254241943
"seg_0cca14",7.94106769561768
"seg_0cdcc8",3.8984591960907
"seg_0cf651",9.7518892288208
"seg_0d0250",3.30822825431824
"seg_0d04b9",3.53477883338928
"seg_0d13a7",8.68962669372559
"seg_0d434c",9.41626071929932
"seg_0d540e",9.41577339172363
"seg_0d663a",3.29343295097351
"seg_0d6d68",5.44766235351562
"seg_0d762e",6.02459096908569
"seg_0d833c",2.21405005455017
"seg_0dae4b",2.77656102180481
"seg_0dc38f",9.31733989715576
"seg_0dcc40",2.39288520812988
"seg_0df469",4.3080005645752
"seg_0df75c",3.44762682914734
"seg_0dfe8c",6.97228002548218
"seg_0e1370",9.13880443572998
"seg_0e1fbe",2.95762181282043
"seg_0e3739",3.89835619926453
"seg_0e3d44",9.22706127166748
"seg_0e3ed2",10.1610145568848
"seg_0e4833",2.0493950843811
"seg_0e7cc5",2.26038551330566
"seg_0e8b79",2.53783416748047
"seg_0e9987",8.39086055755615
"seg_0e9bb3",6.08339309692383
"seg_0eb333",10.0059823989868
"seg_0ebfd9",2.52435183525085
"seg_0f565c",8.06863594055176
"seg_0f74a3",9.42697334289551
"seg_0f8961",3.31807804107666
"seg_0fc67a",4.08004379272461
"seg_0fca83",7.88079929351807
"seg_0fd3ff",5.40509748458862
"seg_1010ad",9.73875141143799
"seg_103b32",2.46072173118591
"seg_105cd9",5.27574968338013
"seg_1084af",6.44720554351807
"seg_10a595",8.04178428649902
"seg_10c09d",6.40721273422241
"seg_10f3a6",9.52866363525391
"seg_112b81",5.61810779571533
"seg_1144bc",3.16701579093933
"seg_114b79",2.71069049835205
"seg_115617",2.36499691009521
"seg_115a92",3.16701412200928
"seg_11647f",3.00772094726562
"seg_117278",8.10185527801514
"seg_117ff4",6.82246446609497
"seg_11860f",8.12612152099609
"seg_1201e8",7.50660037994385
"seg_121446",6.72436237335205
"seg_121cba",5.04587507247925
"seg_122ba9",2.43998050689697
"seg_123dd4",5.07064485549927
"seg_12ac20",1.8912661075592
"seg_12b9ba",4.12235736846924
"seg_12ee6e",2.62454128265381
"seg_130e17",3.37187314033508
"seg_13468a",2.522456407547
"seg_136285",2.02348232269287
"seg_136695",2.44772934913635
"seg_137f8a",2.29574680328369
"seg_138807",3.17294359207153
"seg_13c2f0",8.78774642944336
"seg_13e25f",9.4662561416626
"seg_140bc5",3.48830604553223
"seg_141f34",2.76987147331238
"seg_146926",9.86215877532959
"seg_148698",3.11145639419556
"seg_14ad27",4.16261196136475
"seg_14c054",4.13174247741699
"seg_14c371",6.7443790435791
"seg_14c435",2.18022346496582
"seg_14c89d",1.68748450279236
"seg_14c8ce",3.26608514785767
"seg_14d1d3",8.87802410125732
"seg_14f5f0",8.30281066894531
"seg_151368",2.19659972190857
"seg_151d92",8.50636959075928
"seg_153d6a",5.02469396591187
"seg_154361",7.70419502258301
"seg_1562cb",4.1686749458313
"seg_158691",6.65141248703003
"seg_158764",9.70203399658203
"seg_15adff",5.10812187194824
"seg_15bf25",3.40433979034424
"seg_15c9f9",7.17041206359863
"seg_161aeb",5.46865367889404
"seg_161f5f",8.99721527099609
"seg_162fc4",2.91335701942444
"seg_16566c",3.88393259048462
"seg_166f70",4.02978420257568
"seg_168d1c",9.16997337341309
"seg_16a270",2.90169382095337
"seg_16c3a7",8.64771461486816
"seg_17067e",2.2264723777771
"seg_170684",8.21946334838867
"seg_170a0c",6.27073907852173
"seg_176542",5.69656038284302
"seg_17799c",7.03405141830444
"seg_179d90",2.77085781097412
"seg_17adc0",8.75836277008057
"seg_17d1ff",8.99914932250977
"seg_17e596",2.47808289527893
"seg_180481",2.75959014892578
"seg_18096a",9.21599578857422
"seg_1815fe",2.79531621932983
"seg_1827c5",5.96021127700806
"seg_184222",6.35707807540894
"seg_185ad6",8.23385238647461
"seg_18d1d0",3.72373294830322
"seg_18d307",2.56103706359863
"seg_18f633",3.29302477836609
"seg_18f853",10.1747741699219
"seg_18fb65",6.71938610076904
"seg_193404",3.43389320373535
"seg_19515c",6.42239618301392
"seg_195eda",7.22812652587891
"seg_1969c8",3.44732570648193
"seg_19b08e",3.71585035324097
"seg_19b9dd",4.35980129241943
"seg_19e1ff",4.21701908111572
"seg_19ec5c",8.14186477661133
"seg_1a0e94",3.63938760757446
"seg_1a0eca",8.68790817260742
"seg_1a671a",6.15236568450928
"seg_1a791c",7.3648853302002
"seg_1a8e06",3.15763545036316
"seg_1a8f0d",4.01390933990479
"seg_1a8f2c",2.39803647994995
"seg_1abcaf",3.0782036781311
"seg_1ac9e2",7.76859903335571
"seg_1ae362",8.25840759277344
"seg_1afa29",9.44562149047852
"seg_1b08a4",7.07177209854126
"seg_1b1ad8",8.26589298248291
"seg_1b2298",8.60336780548096
"seg_1b78af",2.53448128700256
"seg_1baf33",2.82065296173096
"seg_1bd38e",7.37525272369385
"seg_1bf7b3",3.59358644485474
"seg_1c401b",2.89866662025452
"seg_1c4c5b",2.72283816337585
"seg_1c4e72",4.7716760635376
"seg_1c849d",3.458984375
"seg_1c904f",5.75770139694214
"seg_1c929e",2.62046670913696
"seg_1cb942",5.61181116104126
"seg_1cd352",3.29572677612305
"seg_1cf1b5",8.57430553436279
"seg_1d044c",3.31269192695618
"seg_1d11e5",7.5303521156311
"seg_1d596d",2.33403062820435
"seg_1d980f",8.82094478607178
"seg_1da819",4.91751527786255
"seg_1db443",8.07546710968018
"seg_1db8e8",5.46766328811646
"seg_1dec9c",2.25576734542847
"seg_1e0523",2.99632930755615
"seg_1e0b82",5.20982646942139
"seg_1e572b",3.0286066532135
"seg_1e617a",2.63864827156067
"seg_1e61d6",4.82942962646484
"seg_1e677e",8.96224308013916
"seg_1eae76",2.88316893577576
"seg_1ebe6b",2.26362657546997
"seg_1ece48",6.25750827789307
"seg_1eeb8f",7.15176820755005
"seg_1ef708",9.63939762115479
"seg_1f1e60",2.58029055595398
"seg_1f3d44",2.53816771507263
"seg_1f3ede",3.01836609840393
"seg_1f5240",3.46080446243286
"seg_1f7cf8",7.62891864776611
"seg_1f9aed",10.5360097885132
"seg_1fa983",2.75185084342957
"seg_1fc7ab",3.62775421142578
"seg_1fe311",2.97310018539429
"seg_2005a7",5.3693208694458
"seg_2018c8",2.81187438964844
"seg_204dc6",8.26088428497314
"seg_208ba5",3.84866046905518
"seg_2099f4",3.40148234367371
"seg_20a990",6.24159383773804
"seg_20b8d0",9.21717834472656
"seg_20cbac",6.16112565994263
"seg_20cc25",10.2473363876343
"seg_20d9de",2.89435267448425
"seg_20e9ad",4.30180931091309
"seg_210388",8.37301445007324
"seg_211299",7.96215057373047
"seg_211486",2.60683274269104
"seg_214492",2.34290146827698
"seg_217eed",3.9572160243988
"seg_218049",2.90659928321838
"seg_21eebb",2.50113463401794
"seg_21faa9",5.62175226211548
"seg_222c5f",3.22185015678406
"seg_225320",3.60275340080261
"seg_226e60",7.11948776245117
"seg_229eda",7.01166439056396
"seg_22e509",3.9901134967804
"seg_2313d1",3.57504296302795
"seg_232559",4.3852596282959
"seg_23323e",2.81346368789673
"seg_2367fb",9.917649269104
"seg_238242",9.0249080657959
"seg_2383c2",3.7968122959137
"seg_2396a2",6.29056119918823
"seg_23b123",9.38172245025635
"seg_23bdf9",3.1522536277771
"seg_23c947",2.79391026496887
"seg_23efb0",3.93738555908203
"seg_23f823",2.3380274772644
"seg_23fe27",9.33312606811523
"seg_241266",7.42937803268433
"seg_24157a",2.99590826034546
"seg_24458d",5.20426940917969
"seg_2465ce",3.37371373176575
"seg_247262",8.75659465789795
"seg_24ba8d",8.54507350921631
"seg_24c078",8.34356784820557
"seg_24c1c9",8.98313808441162
"seg_24e071",3.04521226882935
"seg_24f338",5.17117834091187
"seg_257b8a",5.25971269607544
"seg_2597af",5.31756973266602
"seg_259c63",3.21346569061279
"seg_259d65",3.35423636436462
"seg_259dd3",8.68871974945068
"seg_25aa9f",8.7996301651001
"seg_25ab3f",1.81539189815521
"seg_25b38a",6.60403776168823
"seg_25c8dc",2.47695684432983
"seg_25cca7",3.3196268081665
"seg_25e76d",8.87902927398682
"seg_26049e",1.91018795967102
"seg_263deb",4.84037590026855
"seg_263fb3",8.25416088104248
"seg_2642d0",9.18393611907959
"seg_2642d4",8.01921272277832
"seg_264c7d",2.7168824672699
"seg_266805",2.80158519744873
"seg_266c6e",3.71641206741333
"seg_266d4e",5.24901390075684
"seg_268249",6.46031475067139
"seg_268625",7.29461002349854
"seg_268956",7.02072763442993
"seg_26a2a0",3.13924694061279
"seg_26cba3",3.38233733177185
"seg_26edaa",7.82168769836426
"seg_2700bd",8.425537109375
"seg_272a47",3.3624062538147
"seg_274a1a",9.02738189697266
"seg_2774c4",8.09539604187012
"seg_279725",7.45725345611572
"seg_27a282",2.33479833602905
"seg_27b7c8",1.86754786968231
"seg_27db4d",3.57750034332275
"seg_27de37",7.04221677780151
"seg_27f532",5.3800802230835
"seg_27ff17",2.72592449188232
"seg_280863",3.00781011581421
"seg_280e3b",3.9497504234314
"seg_284223",7.44208669662476
"seg_284923",8.18055629730225
"seg_287e60",7.33468723297119
"seg_287fef",4.71126890182495
"seg_288001",1.23135805130005
"seg_2883ec",7.34403467178345
"seg_289d99",9.35312271118164
"seg_28fc32",4.0547342300415
"seg_29022f",5.0734601020813
"seg_2916e3",2.35782957077026
"seg_293dbf",2.69683957099915
"seg_293dc2",6.40653610229492
"seg_29475f",2.68482637405396
"seg_295b1c",3.48808026313782
"seg_2977cd",2.59039616584778
"seg_29a073",5.41819953918457
"seg_29acb7",3.81973695755005
"seg_29c772",3.28751873970032
"seg_29c906",2.97469329833984
"seg_29d497",2.96236276626587
"seg_29d4c6",5.5848822593689
"seg_29e799",2.90787315368652
"seg_2a0ace",4.38406038284302
"seg_2a0afc",5.93033885955811
"seg_2a0dc0",8.95544147491455
"seg_2a2f1e",9.56835651397705
"seg_2a4551",9.53949165344238
"seg_2a6343",6.96863079071045
"seg_2a8351",5.39288949966431
"seg_2aa101",3.67649936676025
"seg_2abd33",2.77589988708496
"seg_2b2cb3",7.57900285720825
"seg_2b372b",8.28975963592529
"seg_2b4959",8.19625854492188
"seg_2b6d52",3.10432696342468
"seg_2ba79a",9.64047718048096
"seg_2bcbde",7.29509973526001
"seg_2be983",9.44518661499023
"seg_2bf5be",8.91248607635498
"seg_2bf9dd",7.51476001739502
"seg_2c3203",2.81750679016113
"seg_2c5e9f",2.69661474227905
"seg_2c6011",5.99687814712524
"seg_2c69e4",3.2906813621521
"seg_2c762c",5.1294116973877
"seg_2cac57",3.21917390823364
"seg_2cadc0",9.27393245697021
"seg_2cdbe3",6.91109848022461
"seg_2d3828",4.86357307434082
"seg_2d402d",3.47252106666565
"seg_2d427f",3.07005000114441
"seg_2d5544",8.36740493774414
"seg_2d7cc4",3.89511513710022
"seg_2d92f0",9.22620582580566
"seg_2db7dc",7.67077445983887
"seg_2dc6ff",1.44856452941895
"seg_2dccec",2.73214983940125
"seg_2dcd3a",5.0794358253479
"seg_2dcd84",9.62657451629639
"seg_2dfb91",2.7706606388092
"seg_2e2372",7.21138572692871
"seg_2e50fb",3.05709028244019
"seg_2e64af",3.65634799003601
"seg_2e71dd",2.80942487716675
"seg_2e88dd",2.77294015884399
"seg_2e917f",4.0059700012207
"seg_2e9a47",3.49304986000061
"seg_2ea616",8.18280410766602
"seg_2eccb9",3.4498233795166
"seg_2ece02",7.3770227432251
"seg_2ed79b",9.20828247070312
"seg_2eddf6",9.01530265808105
"seg_2ee95c",5.01430320739746
"seg_2efd5c",6.99138593673706
"seg_2f1664",2.8646764755249
"seg_2f4f14",5.45148515701294
"seg_2f5695",9.23309803009033
"seg_2f60db",6.68904113769531
"seg_2f86cd",2.65201377868652
"seg_2f8e19",9.36198997497559
"seg_2f8f6d",8.31247711181641
"seg_2f9336",5.86523580551147
"seg_2f9581",1.99493873119354
"seg_2fb672",9.56842041015625
"seg_2fe382",6.47074794769287
"seg_301c1e",2.17821407318115
"seg_30207d",3.79858255386353
"seg_304581",7.18737840652466
"seg_304b87",4.76738452911377
"seg_304df5",4.71968412399292
"seg_30501b",8.62126922607422
"seg_3065ba",5.17676115036011
"seg_30661b",3.48592710494995
"seg_306756",3.56471085548401
"seg_30ad2a",8.30564498901367
"seg_30b043",6.52561378479004
"seg_30da11",5.19000148773193
"seg_30fd84",6.39687967300415
"seg_310230",3.35992670059204
"seg_31064b",3.54784679412842
"seg_311499",3.35132503509521
"seg_311b5e",5.74981784820557
"seg_3128e6",4.47359275817871
"seg_3151ff",3.42379593849182
"seg_31631c",3.79413723945618
"seg_316f86",3.20755410194397
"seg_318135",2.41572141647339
"seg_31a51f",3.55393028259277
"seg_31a6cd",6.30129146575928
"seg_31b808",2.9718873500824
"seg_31c0f4",2.51546835899353
"seg_31d763",8.95975017547607
"seg_31d7bf",3.25916838645935
"seg_31d810",4.03978300094604
"seg_31ddc5",3.13265991210938
"seg_3234ca",9.28035068511963
"seg_324447",2.05387449264526
"seg_324537",5.73352956771851
"seg_325790",2.66311860084534
"seg_326eb7",8.953369140625
"seg_327ed4",1.83186709880829
"seg_32906d",4.48087215423584
"seg_32ad0f",2.88284015655518
"seg_32c904",7.96934509277344
"seg_32d747",2.95031046867371
"seg_32e763",2.62672519683838
"seg_32f3a9",9.60243129730225
"seg_32f6df",3.87699961662292
"seg_32f72d",2.20833086967468
"seg_32fc4e",7.28824996948242
"seg_330579",7.1878023147583
"seg_3319b5",7.5751428604126
"seg_331f2b",3.94416689872742
"seg_3340b9",5.86208772659302
"seg_335170",2.94671320915222
"seg_337b8c",9.08434104919434
"seg_339f80",4.36998271942139
"seg_33c30d",7.71161985397339
"seg_342ce6",9.7263708114624
"seg_343571",8.30544281005859
"seg_3452b2",2.96926927566528
"seg_34a2b8",9.94150257110596
"seg_34a8f7",3.285973072052
"seg_34abd2",7.75433826446533
"seg_34ef79",5.83032321929932
"seg_3506d6",4.39898061752319
"seg_35269b",5.03462886810303
"seg_355717",8.90945148468018
"seg_355d19",2.92375087738037
"seg_35a2d7",5.09362506866455
"seg_35b009",2.9043071269989
"seg_35b753",5.26905393600464
"seg_35ba8f",3.5427303314209
"seg_35c587",7.37376594543457
"seg_35dd45",5.62983560562134
"seg_35ee83",3.51297974586487
"seg_36147d",8.62441635131836
"seg_361f5a",2.90089225769043
"seg_3631ec",5.69589567184448
"seg_3661de",5.81271982192993
"seg_369570",9.85425758361816
"seg_36b77f",9.54849243164062
"seg_36e32d",4.31845140457153
"seg_3706be",3.75548148155212
"seg_373a04",6.58847427368164
"seg_373ba6",3.83722376823425
"seg_37608b",4.8478307723999
"seg_3761d0",3.66959118843079
"seg_37669c",6.19707489013672
"seg_376908",2.58070874214172
"seg_377134",2.3516891002655
"seg_3788c5",2.24457550048828
"seg_37bf85",6.09289216995239
"seg_37f3fb",6.77032661437988
"seg_38001b",3.74816393852234
"seg_383b6b",3.45328235626221
"seg_383f2e",9.13216590881348
"seg_3865bc",8.92204856872559
"seg_3878d0",8.96981716156006
"seg_389906",4.63595390319824
"seg_38ad16",2.79035949707031
"seg_38ee24",5.83426094055176
"seg_392019",7.4488091468811
"seg_39300d",9.72135257720947
"seg_395e0e",4.16773128509521
"seg_397983",2.87507271766663
"seg_397dc9",3.79580020904541
"seg_398a25",5.75236177444458
"seg_39a886",2.62528944015503
"seg_39ad50",4.20734930038452
"seg_3a1600",3.42884969711304
"seg_3a22ac",9.04877662658691
"seg_3a80c5",2.60823488235474
"seg_3a8a76",4.02435398101807
"seg_3aca44",10.6584854125977
"seg_3adb1a",3.88683390617371
"seg_3ae4d9",3.83846664428711
"seg_3af649",2.67123818397522
"seg_3b2013",3.2586977481842
"seg_3b30fd",5.03838968276978
"seg_3b4414",4.00504016876221
"seg_3b7175",7.49588823318481
"seg_3b7724",5.52954721450806
"seg_3b95d2",2.44869375228882
"seg_3b95dc",2.42556834220886
"seg_3ba485",5.59525299072266
"seg_3bb90a",7.65289306640625
"seg_3bc9ed",7.09373140335083
"seg_3bd97e",2.79520344734192
"seg_3bf9ac",2.42148900032043
"seg_3bfcf6",7.44516468048096
"seg_3c3ddf",2.30085563659668
"seg_3c4106",9.4449462890625
"seg_3c64fb",6.84671926498413
"seg_3c8545",6.65097045898438
"seg_3cba49",8.68426513671875
"seg_3cbccf",4.21411037445068
"seg_3ce740",6.55976915359497
"seg_3cfb73",2.77403616905212
"seg_3d059a",2.38388824462891
"seg_3d06cc",2.68835020065308
"seg_3d19fc",4.14116239547729
"seg_3d1cb3",7.26985311508179
"seg_3d1f2e",3.64071583747864
"seg_3d581c",6.50783395767212
"seg_3d6aac",7.97778940200806
"seg_3d6e79",2.85010194778442
"seg_3d9aa0",5.33331727981567
"seg_3db0a8",10.6511859893799
"seg_3e00cd",4.47585582733154
"seg_3e55d5",3.31721687316895
"seg_3e87b4",3.34720301628113
"seg_3ec967",8.19216156005859
"seg_3edf51",3.91853022575378
"seg_3f2086",7.66769742965698
"seg_3f3689",8.24044227600098
"seg_3f3983",9.69148731231689
"seg_3f5be6",3.82867884635925
"seg_3f80ef",2.93616676330566
"seg_3f99c8",2.85518050193787
"seg_3fb24b",2.39796662330627
"seg_3fc7ca",3.64640998840332
"seg_3fdae0",2.86892342567444
"seg_407b2b",8.74784851074219
"seg_40b3aa",5.11098289489746
"seg_40f810",4.73834466934204
"seg_411225",4.68870449066162
"seg_414d0f",2.85121035575867
"seg_4185b3",9.83757209777832
"seg_419531",5.40121746063232
"seg_419b2a",7.93588256835938
"seg_41a267",2.46425008773804
"seg_41aadc",1.92590010166168
"seg_41ab7e",4.26164388656616
"seg_41be18",6.63086605072021
"seg_41be7d",6.72612047195435
"seg_41f45e",6.9229736328125
"seg_420bcc",5.41997003555298
"seg_420d4e",7.50304698944092
"seg_421a96",2.93035221099854
"seg_421da1",4.96530675888062
"seg_423ebe",4.53486013412476
"seg_425462",8.83616256713867
"seg_42648c",4.65851211547852
"seg_4280d9",6.95192861557007
"seg_428d66",9.72445106506348
"seg_42c4c9",2.30224752426147
"seg_42e7e8",4.00192356109619
"seg_42ff14",6.4784836769104
"seg_430e66",8.46109676361084
"seg_43383f",9.52520656585693
"seg_434c96",6.67640066146851
"seg_43597f",6.57964754104614
"seg_43c6f4",8.27065277099609
"seg_440106",3.94974374771118
"seg_4401d8",4.55788803100586
"seg_441c6d",2.57738995552063
"seg_4435bd",2.62762451171875
"seg_447972",3.90350151062012
"seg_447b8b",3.19036746025085
"seg_447cb3",8.95370769500732
"seg_44d3ca",0.999078750610352
"seg_455b16",2.73946762084961
"seg_456149",6.85739231109619
"seg_457234",4.62925291061401
"seg_45838b",9.53531837463379
"seg_4587bb",7.40455913543701
"seg_45a8a9",2.64684319496155
"seg_45b051",4.86301374435425
"seg_45e062",4.02134656906128
"seg_45e4ed",3.40385508537292
"seg_45e7ad",8.79212951660156
"seg_46012e",5.06339550018311
"seg_460436",3.06776213645935
"seg_461ab5",7.10620975494385
"seg_461b63",2.61307048797607
"seg_462c1d",5.42578077316284
"seg_464839",1.94406521320343
"seg_468bc9",8.33805847167969
"seg_468fdb",10.3483200073242
"seg_46a42b",2.85398411750793
"seg_46b84d",3.58144402503967
"seg_46c6d3",6.23809480667114
"seg_46dd7c",9.60101222991943
"seg_4729a7",4.97286653518677
"seg_4743ab",3.07693982124329
"seg_4743fa",3.36991596221924
"seg_476700",3.04738092422485
"seg_476bdb",2.36103272438049
"seg_477c83",9.55709362030029
"seg_478327",5.65112924575806
"seg_47a48f",2.94213104248047
"seg_47d374",3.54438591003418
"seg_47fed6",8.66541481018066
"seg_482745",4.88353776931763
"seg_4848e3",3.70324802398682
"seg_484901",6.97850131988525
"seg_486973",8.69037818908691
"seg_48a4b3",7.36983251571655
"seg_48a80c",2.8543758392334
"seg_48b545",9.93697071075439
"seg_48feba",2.54405307769775
"seg_490092",7.53410196304321
"seg_490d6e",9.40948390960693
"seg_492dc6",4.70905208587646
"seg_49322d",3.25741410255432
"seg_49336f",8.42641258239746
"seg_495573",3.24176335334778
"seg_496d07",7.21647310256958
"seg_496dad",9.28783130645752
"seg_49b0cb",6.77835559844971
"seg_49d84b",3.53844404220581
"seg_49fdf0",3.48822164535522
"seg_4a2525",2.83323884010315
"seg_4a6096",4.75569438934326
"seg_4a719c",9.79111862182617
"seg_4a91a9",9.6991548538208
"seg_4a9e6b",3.30605411529541
"seg_4a9e8d",6.21882057189941
"seg_4ab7bf",3.48087000846863
"seg_4abc29",7.68473863601685
"seg_4acc4b",5.20803833007812
"seg_4ad5a2",2.63203716278076
"seg_4ad674",4.41594314575195
"seg_4adeda",8.55086898803711
"seg_4ae37c",8.94225025177002
"seg_4ae712",5.56920957565308
"seg_4b0839",2.51340484619141
"seg_4b4c91",3.18942475318909
"seg_4b4ffb",6.07930946350098
"seg_4b8044",7.41515731811523
"seg_4b953a",8.49424743652344
"seg_4ba3d1",8.47249507904053
"seg_4c067a",7.94138860702515
"seg_4c12b2",5.21387624740601
"seg_4c18e2",6.42016935348511
"seg_4c3a2b",2.37409472465515
"seg_4c4995",4.13626861572266
"seg_4c65e6",9.89206027984619
"seg_4c8db6",9.98265266418457
"seg_4ca6de",10.0953340530396
"seg_4cb0d7",6.52451086044312
"seg_4cb9c6",3.79369497299194
"seg_4ce234",8.22090339660645
"seg_4d0008",2.32576036453247
"seg_4d0041",3.78701257705688
"seg_4d0c45",6.18649673461914
"seg_4d18f4",2.93263363838196
"seg_4d2671",5.86519002914429
"seg_4d53c2",2.01760530471802
"seg_4d5a4a",3.79021072387695
"seg_4d7c56",4.73295116424561
"seg_4d8f0f",3.30573654174805
"seg_4db886",4.97669506072998
"seg_4db997",3.71769857406616
"seg_4dbbd1",3.22440242767334
"seg_4ddddc",4.01747131347656
"seg_4dfa03",3.14848828315735
"seg_4e0c4a",0.879105687141418
"seg_4e2c66",5.4380407333374
"seg_4e3bd7",4.0661449432373
"seg_4e627b",7.37741756439209
"seg_4e9646",3.48411321640015
"seg_4ea3fa",3.78934288024902
"seg_4ea81c",8.56938552856445
"seg_4eb127",5.75929498672485
"seg_4eeaef",2.875239610672
"seg_4eef28",6.54935741424561
"seg_4f48b4",4.61827802658081
"seg_4f5931",3.35483884811401
"seg_4f76a2",8.62310600280762
"seg_4f83a3",3.23406624794006
"seg_4fa87d",3.40160799026489
"seg_4fce5b",3.30455732345581
"seg_4fd191",4.81899499893188
"seg_500108",6.86065721511841
"seg_5009d9",8.53561973571777
"seg_500c80",3.21253061294556
"seg_502fab",3.83711051940918
"seg_507065",3.09312629699707
"seg_5090fa",2.63645267486572
"seg_509d55",6.35150051116943
"seg_50a667",2.84584712982178
"seg_50b048",10.1514482498169
"seg_50e270",9.78417301177979
"seg_511d25",7.44277811050415
"seg_512b3e",3.79210877418518
"seg_514543",4.35436153411865
"seg_5147e1",8.33163452148438
"seg_514b85",7.40149068832397
"seg_5165a4",5.81987476348877
"seg_517345",3.50613951683044
"seg_517425",5.14161920547485
"seg_51865e",3.63736581802368
"seg_518b1e",5.02094411849976
"seg_51b68c",4.32773303985596
"seg_51f0a2",2.65380549430847
"seg_51f6fd",7.53841781616211
"seg_521a88",2.59140872955322
"seg_523945",4.07072305679321
"seg_524b39",2.14150381088257
"seg_5254ce",3.74087333679199
"seg_5255c0",5.23846101760864
"seg_52636c",9.02878475189209
"seg_529be4",3.09082460403442
"seg_529c99",8.71424865722656
"seg_52c139",3.11682152748108
"seg_530a02",8.46489906311035
"seg_53103b",6.61020278930664
"seg_5311d1",7.43322324752808
"seg_533613",9.14340114593506
"seg_53498a",9.20921611785889
"seg_53a557",7.86484861373901
"seg_53a5fd",5.06057071685791
"seg_53bdf5",8.1773624420166
"seg_53caf1",8.41268539428711
"seg_53d818",2.33503746986389
"seg_53e645",3.31376910209656
"seg_53fa13",4.92180967330933
"seg_5407b0",3.53215479850769
"seg_5445bc",2.97728419303894
"seg_54490e",3.18118286132812
"seg_545fda",6.97760677337646
"seg_5467c8",4.19165134429932
"seg_546864",7.61258125305176
"seg_5470ca",8.48157596588135
"seg_5495ca",3.91105127334595
"seg_54af0d",8.67342472076416
"seg_54b0ee",5.08169746398926
"seg_54d0f3",7.7896089553833
"seg_55239a",4.48367500305176
"seg_552b8e",7.10879850387573
"seg_5559d9",3.83887147903442
"seg_555f63",4.88595056533813
"seg_5597ed",3.77531838417053
"seg_55a0c3",3.68563151359558
"seg_55a9a4",8.96735095977783
"seg_55b566",7.63993120193481
"seg_55d50b",5.15513277053833
"seg_561cf4",9.02866077423096
"seg_563059",7.91265964508057
"seg_5639b3",3.09130120277405
"seg_566efe",5.11233282089233
"seg_56e3e7",4.68688726425171
"seg_56e6f1",8.53102016448975
"seg_56ebc7",3.81552672386169
"seg_570a20",4.98510217666626
"seg_570d69",2.68538641929626
"seg_572172",4.02007675170898
"seg_5759c9",3.59066343307495
"seg_5765b6",2.68733143806458
"seg_578e84",10.2614679336548
"seg_57908c",4.65734100341797
"seg_57b6c0",8.47525119781494
"seg_57dd68",6.98632478713989
"seg_57ea44",5.44149255752563
"seg_580b65",3.23950600624084
"seg_581fac",5.59880018234253
"seg_585872",6.1977710723877
"seg_586726",5.74530029296875
"seg_586c0f",9.72778224945068
"seg_5887a8",2.89989399909973
"seg_588f61",3.60930204391479
"seg_58d52d",2.99863386154175
"seg_58e74b",4.07836008071899
"seg_58e9f9",2.39392018318176
"seg_58ea74",2.55781173706055
"seg_59058a",9.1393985748291
"seg_590fa5",3.59265232086182
"seg_591954",3.49521660804749
"seg_5924f5",2.23704767227173
"seg_592807",3.12747597694397
"seg_593c34",3.0719428062439
"seg_5965d8",6.67073106765747
"seg_596ae3",2.37699604034424
"seg_5975f4",7.30960464477539
"seg_597bd6",4.29822731018066
"seg_59818b",7.66255331039429
"seg_59cd7d",3.24886727333069
"seg_59cfdb",4.28289413452148
"seg_59d484",9.55061340332031
"seg_59de0b",5.9716215133667
"seg_59e1db",2.1599907875061
"seg_59eb97",9.98639011383057
"seg_5a0479",7.30916023254395
"seg_5a1adb",5.66800689697266
"seg_5a242e",2.80421876907349
"seg_5a67b5",6.42179346084595
"seg_5a947e",1.65758526325226
"seg_5abfdd",4.95809984207153
"seg_5ad847",8.74582958221436
"seg_5b392b",4.69908237457275
"seg_5b7325",6.84806251525879
"seg_5b8c39",7.97540998458862
"seg_5bc0b0",5.34744119644165
"seg_5bd9ae",4.13789749145508
"seg_5bdb47",9.25100803375244
"seg_5bfbf0",2.6357638835907
"seg_5c0929",6.20581007003784
"seg_5c1a4d",1.95537185668945
"seg_5c530f",3.1627562046051
"seg_5c57a8",7.75994491577148
"seg_5c8ae5",8.47062492370605
"seg_5c9077",6.78433418273926
"seg_5cd98b",6.06735229492188
"seg_5cde88",2.63334274291992
"seg_5cfba9",6.20126628875732
"seg_5cfdc4",6.35498523712158
"seg_5d333e",3.30753517150879
"seg_5d45db",5.26988983154297
"seg_5d92af",5.26395082473755
"seg_5d94b2",4.25979232788086
"seg_5e020f",2.37047576904297
"seg_5e0902",2.46133494377136
"seg_5e1bba",2.86994409561157
"seg_5e541f",5.47505569458008
"seg_5e635a",8.37558364868164
"seg_5e668a",10.1487035751343
"seg_5e70a7",3.64302158355713
"seg_5e7abf",5.58048105239868
"seg_5e8ef4",8.51243209838867
"seg_5eb380",6.22425889968872
"seg_5ec0e3",4.04464626312256
"seg_5ed47e",5.49869632720947
"seg_5ef47e",4.5907564163208
"seg_5f0a92",3.25575947761536
"seg_5f24d3",5.20877599716187
"seg_5f352e",3.95494937896729
"seg_5f355e",2.4357602596283
"seg_5f46a5",4.33675098419189
"seg_5f7fd9",5.22674703598022
"seg_5fe414",6.46962976455688
"seg_60277f",2.23107433319092
"seg_6074f9",1.98760414123535
"seg_607559",4.37760257720947
"seg_60ab20",6.98533630371094
"seg_60b696",3.14298629760742
"seg_60dacd",9.83486080169678
"seg_60df2a",9.9011869430542
"seg_610379",3.96248960494995
"seg_61219c",7.99102926254272
"seg_613702",4.80462789535522
"seg_614b50",2.22198009490967
"seg_6153ca",1.8437625169754
"seg_6167f0",10.2742500305176
"seg_616c8b",10.0584259033203
"seg_61b50d",8.66036891937256
"seg_61f504",5.79577255249023
"seg_620ee4",9.58209991455078
"seg_622e9d",7.82021617889404
"seg_62331a",3.30654501914978
"seg_6262c4",4.078293800354
"seg_629822",8.29023551940918
"seg_62a403",2.36912155151367
"seg_62c582",2.06304311752319
"seg_63130f",8.51022434234619
"seg_633651",7.01873970031738
"seg_634180",9.81938743591309
"seg_634f05",4.56177997589111
"seg_635770",2.94781970977783
"seg_63582a",3.51885390281677
"seg_63c13d",8.4831657409668
"seg_63c518",7.65184497833252
"seg_63c8e4",5.81784152984619
"seg_63c983",5.02685546875
"seg_63c9a3",4.39028310775757
"seg_63d651",5.22680902481079
"seg_6422d1",1.99701714515686
"seg_643d1f",7.77996158599854
"seg_643f86",2.27292585372925
"seg_64bcb9",5.83214712142944
"seg_64be5d",2.81602311134338
"seg_64be91",4.26841449737549
"seg_64daae",2.2568998336792
"seg_64dcf0",6.36302947998047
"seg_64f8dc",7.88497400283813
"seg_650de2",9.42413902282715
"seg_651808",4.72117471694946
"seg_652cc2",5.72013902664185
"seg_655780",3.37957167625427
"seg_655ad6",3.37670063972473
"seg_655cae",6.41431140899658
"seg_658bf4",4.38493061065674
"seg_659ff8",4.00729322433472
"seg_65b962",2.94585418701172
"seg_65c4e1",7.53907489776611
"seg_65ef95",8.49054336547852
"seg_65f01e",7.44766092300415
"seg_65fbac",9.57106018066406
"seg_660fe1",2.98092579841614
"seg_660fef",6.77289390563965
"seg_661629",8.26803970336914
"seg_666056",9.0416202545166
"seg_6681ee",4.76743221282959
"seg_66820a",1.98435020446777
"seg_6696d0",6.40709257125854
"seg_66b7c3",7.02429580688477
"seg_66e45a",5.21782875061035
"seg_66ed4d",3.16956281661987
"seg_670bde",9.11274528503418
"seg_67330f",7.39447593688965
"seg_673c60",7.62931966781616
"seg_67599b",2.34233045578003
"seg_679dd2",6.12046813964844
"seg_67aa76",9.63225841522217
"seg_68102c",2.62726998329163
"seg_683ddf",4.74624013900757
"seg_686edc",9.82598876953125
"seg_687a5c",8.7060546875
"seg_68a484",4.49495887756348
"seg_68da94",2.70988655090332
"seg_691a72",5.05910491943359
"seg_692e7a",9.74520683288574
"seg_6951e0",3.57904601097107
"seg_695380",8.9245433807373
"seg_696621",7.1729416847229
"seg_6968c8",3.84972143173218
"seg_69787a",3.2567617893219
"seg_69a230",2.70551180839539
"seg_69a53e",6.81301689147949
"seg_69dbad",9.27675628662109
"seg_6a05e7",6.72534132003784
"seg_6a116b",5.71499967575073
"seg_6a26de",7.38755226135254
"seg_6a45a0",3.08457922935486
"seg_6a4ad1",9.03483200073242
"seg_6ab188",7.26732063293457
"seg_6ac67a",4.54089069366455
"seg_6ac82a",2.43324279785156
"seg_6ae32d",3.45676064491272
"seg_6b0107",4.64037990570068
"seg_6b2ce0",2.56673860549927
"seg_6b3a9d",5.07844686508179
"seg_6b4e04",6.19239234924316
"seg_6b536d",2.03563976287842
"seg_6b9511",8.58407211303711
"seg_6b9d02",4.84790182113647
"seg_6be48e",3.4126570224762
"seg_6c292b",3.35624670982361
"seg_6c309f",4.56631851196289
"seg_6c34c2",1.63600718975067
"seg_6c8a45",9.09623146057129
"seg_6c909f",5.95667266845703
"seg_6cfb76",8.27856159210205
"seg_6d01a3",7.68136358261108
"seg_6d35cd",2.66330695152283
"seg_6d36a1",3.94507956504822
"seg_6d4109",2.31948328018188
"seg_6d4fa6",5.40845441818237
"seg_6d6fad",2.55960845947266
"seg_6da1ff",7.12650108337402
"seg_6dac5d",5.16375350952148
"seg_6dd0fc",3.09152340888977
"seg_6de4fd",3.1488733291626
"seg_6de935",7.90977716445923
"seg_6df48e",4.46216821670532
"seg_6dfab7",4.46499300003052
"seg_6e12ae",2.7661612033844
"seg_6e12ee",7.56090402603149
"seg_6e1ee7",4.82959508895874
"seg_6e572a",4.7111234664917
"seg_6e5a38",7.34930086135864
"seg_6e7f73",7.10414743423462
"seg_6e98aa",4.47229671478271
"seg_6eb146",6.66064071655273
"seg_6ed49a",2.34029722213745
"seg_6edcb8",2.48240804672241
"seg_6eedcc",8.65927219390869
"seg_6f17de",3.24697327613831
"seg_6f2222",8.94895267486572
"seg_6f3d90",5.20635795593262
"seg_6f60b2",2.52242588996887
"seg_6f650f",8.09819412231445
"seg_6f9a98",7.24369144439697
"seg_6fb17f",4.53176116943359
"seg_6fc3ef",7.29995346069336
"seg_6fc8b3",8.2882251739502
"seg_6fd5bb",7.29415845870972
"seg_7012af",5.35828256607056
"seg_7020c5",5.81067276000977
"seg_702e03",4.31185626983643
"seg_703cea",5.73692226409912
"seg_705463",3.26089119911194
"seg_708349",6.70513534545898
"seg_70991d",7.81704425811768
"seg_709b6a",8.62436103820801
"seg_709d08",2.68906021118164
"seg_70a60e",5.71659898757935
"seg_70b375",3.74280214309692
"seg_70be4d",4.91269826889038
"seg_70e891",6.44894981384277
"seg_70edf5",8.45269393920898
"seg_70fb30",4.5054178237915
"seg_7120ac",2.44341993331909
"seg_71238c",3.80651712417603
"seg_71348a",5.96911907196045
"seg_715e2c",3.07187438011169
"seg_715ff6",9.04185581207275
"seg_7189ca",4.51407098770142
"seg_718b53",2.00879073143005
"seg_71936f",8.27125549316406
"seg_71b4e0",6.88135766983032
"seg_71b975",8.35264110565186
"seg_71c9e9",9.48134326934814
"seg_71f571",4.26514148712158
"seg_7211f1",3.69108819961548
"seg_724df9",4.14654159545898
"seg_725772",2.65945196151733
"seg_725e84",2.85760545730591
"seg_727fc7",4.32623672485352
"seg_72858d",4.58886480331421
"seg_72859b",7.89085865020752
"seg_72aba8",9.2241735458374
"seg_72b68c",8.66232109069824
"seg_72c307",4.03287124633789
"seg_72ebda",5.09937906265259
"seg_72f40a",4.8371901512146
"seg_730ebe",4.43459701538086
"seg_734a88",3.50619268417358
"seg_73565e",2.88013863563538
"seg_735cdd",3.84124732017517
"seg_73858d",2.38067698478699
"seg_738be6",8.41438293457031
"seg_739643",5.34830665588379
"seg_739679",5.61793422698975
"seg_739856",4.52009868621826
"seg_739fb0",2.72301125526428
"seg_73ab4a",4.90422487258911
"seg_73b0f7",1.49693083763123
"seg_740837",5.61525917053223
"seg_741fc1",3.72499704360962
"seg_74235f",5.93661832809448
"seg_7428e7",2.40880060195923
"seg_743775",2.92640686035156
"seg_74537f",2.42807531356812
"seg_746d1d",4.81337404251099
"seg_7480f4",8.65063571929932
"seg_74b264",3.06720995903015
"seg_74b3bd",3.50517725944519
"seg_74ce61",3.98859286308289
"seg_74d58a",2.99084091186523
"seg_74d8cc",5.47720336914062
"seg_74dda9",7.79584980010986
"seg_74f330",4.40357875823975
"seg_74fcfc",3.92363238334656
"seg_74ffde",3.21157121658325
"seg_750244",2.51559066772461
"seg_750c93",7.49106597900391
"seg_750d20",8.83568286895752
"seg_750e7e",6.5710768699646
"seg_75211e",4.17100238800049
"seg_753190",2.68101096153259
"seg_753ba6",6.13020277023315
"seg_7540f3",3.14031219482422
"seg_75438e",5.89611673355103
"seg_755d50",4.6096043586731
"seg_75654d",3.06921911239624
"seg_758374",3.83635592460632
"seg_758ca4",3.85579800605774
"seg_759fb1",8.17085456848145
"seg_75a878",2.38599300384521
"seg_75c34b",2.96573925018311
"seg_75cd6a",8.96235370635986
"seg_75dc3e",3.08183479309082
"seg_75e669",3.53951930999756
"seg_75e93c",2.62321043014526
"seg_75eb90",4.60249519348145
"seg_75ffc9",7.04039478302002
"seg_760d70",1.93069922924042
"seg_76106f",8.06343460083008
"seg_762188",8.15455532073975
"seg_762be4",2.1656436920166
"seg_7630c5",4.48582744598389
"seg_766e42",7.62407255172729
"seg_76b76f",8.3038158416748
"seg_76c2fa",7.15968704223633
"seg_76d16c",3.00003170967102
"seg_76e914",2.35238361358643
"seg_76f1af",4.5436487197876
"seg_76f3f2",5.50683212280273
"seg_76f76d",5.26177406311035
"seg_774ad2",3.68661022186279
"seg_77bf79",2.45122456550598
"seg_77c546",8.53462409973145
"seg_77db7b",2.10826420783997
"seg_77dbe7",2.58221220970154
"seg_77df38",5.19981575012207
"seg_77e7bf",2.52492260932922
"seg_77ea14",9.74492454528809
"seg_77f9e3",7.67739677429199
"seg_77fe77",3.29432892799377
"seg_7848f8",5.5966682434082
"seg_7862ed",2.31755542755127
"seg_786ff6",2.76241397857666
"seg_78852d",2.6671941280365
"seg_78addc",2.32021498680115
"seg_78d817",9.23271179199219
"seg_78db0a",2.60499048233032
"seg_78ded2",8.98128604888916
"seg_78fc4b",7.37066221237183
"seg_790108",4.48224639892578
"seg_7949da",4.35097980499268
"seg_79c47a",6.69982004165649
"seg_79dc90",2.52155375480652
"seg_79e301",8.79642581939697
"seg_7a09ec",7.27809810638428
"seg_7a521c",5.19286251068115
"seg_7a5243",9.63686656951904
"seg_7a9228",4.44339466094971
"seg_7a9f2b",6.1001877784729
"seg_7aeca4",3.09010410308838
"seg_7b0936",2.92855954170227
"seg_7b2994",9.95228004455566
"seg_7b3017",2.4844377040863
"seg_7b5f90",5.91040849685669
"seg_7bb771",5.13121128082275
"seg_7bec10",4.96536636352539
"seg_7bf143",5.84321928024292
"seg_7c0376",7.60011863708496
"seg_7c10c1",7.86827850341797
"seg_7c2beb",3.2165846824646
"seg_7c2c48",3.0424542427063
"seg_7c6c31",2.13416147232056
"seg_7c88d1",3.82378315925598
"seg_7c9433",7.30830240249634
"seg_7cb417",6.04256439208984
"seg_7cbb45",6.24734497070312
"seg_7cd6b1",9.59344291687012
"seg_7cdfe5",7.72093534469604
"seg_7ce9cb",5.83009815216064
"seg_7cef95",3.37783741950989
"seg_7d17eb",4.23479461669922
"seg_7d2535",9.29786586761475
"seg_7d2e57",9.54642772674561
"seg_7d65c7",3.00085067749023
"seg_7d718e",9.01292991638184
"seg_7d88e3",4.05346488952637
"seg_7d994f",3.3973388671875
"seg_7ddc30",7.3102912902832
"seg_7df3dd",7.44014978408813
"seg_7e3b3e",1.88237917423248
"seg_7e9eb7",2.06990718841553
"seg_7eb108",9.19810676574707
"seg_7ebdc3",2.50343656539917
"seg_7ed2dd",5.31594657897949
"seg_7ef97b",4.73501014709473
"seg_7efdd5",4.89528131484985
"seg_7f3ab0",3.52062273025513
"seg_7f5b6f",8.74530410766602
"seg_7f786b",5.54102611541748
"seg_7f93b2",2.93346571922302
"seg_7f9b3a",2.95241737365723
"seg_7fa6ec",3.11443901062012
"seg_7fac26",4.5866060256958
"seg_7fd3a3",3.7416844367981
"seg_7fd6b7",3.4993109703064
"seg_80211c",2.91169714927673
"seg_804fb5",2.65211462974548
"seg_80622d",4.54206371307373
"seg_807901",8.37302017211914
"seg_80b9b4",6.71862268447876
"seg_80fb86",7.00122976303101
"seg_812962",3.28476023674011
"seg_812a50",7.08980274200439
"seg_813aab",4.88869667053223
"seg_814b1f",5.49476385116577
"seg_816b7a",3.01859951019287
"seg_818382",2.09957146644592
"seg_81a8ea",2.14737725257874
"seg_81bebd",4.14831447601318
"seg_81c1a6",3.48360323905945
"seg_81c432",6.11276006698608
"seg_81f798",5.28703355789185
"seg_8200d2",3.3001184463501
"seg_82303e",3.20246267318726
"seg_82316b",6.25741243362427
"seg_8244bf",2.51519894599915
"seg_82456a",3.39524483680725
"seg_826208",4.08496427536011
"seg_827804",3.15517067909241
"seg_827a21",2.27501440048218
"seg_827c07",4.77553939819336
"seg_82c138",2.67675495147705
"seg_82ce27",4.32912540435791
"seg_82d7b6",2.64676451683044
"seg_830cff",2.70516586303711
"seg_8310ea",5.66794872283936
"seg_8324a4",4.69369697570801
"seg_8328f5",5.28918552398682
"seg_832a4d",2.78018045425415
"seg_8344ee",9.17387580871582
"seg_8353f5",9.78521537780762
"seg_836aac",8.8346586227417
"seg_836ef0",2.52811145782471
"seg_83bef8",4.89014911651611
"seg_83cb2c",4.64464330673218
"seg_83dc2e",5.7518424987793
"seg_83ef67",3.7202308177948
"seg_83f476",10.30588722229
"seg_83f89e",9.41159534454346
"seg_83f928",4.25740146636963
"seg_8456d3",9.50954627990723
"seg_845a2a",2.99976134300232
"seg_8472f3",5.39848041534424
"seg_848695",2.2084002494812
"seg_84a65d",9.35146617889404
"seg_84b9d9",8.45220756530762
"seg_84c7fb",9.100830078125
"seg_84fc12",2.83512473106384
"seg_8509db",3.01977491378784
"seg_850d95",8.64184951782227
"seg_8515fd",3.52976822853088
"seg_853302",2.92127203941345
"seg_854d91",5.92334032058716
"seg_857304",4.16079092025757
"seg_85762d",7.80104732513428
"seg_8599ec",6.02008581161499
"seg_85c1c0",3.05100703239441
"seg_85e90e",3.24007892608643
"seg_85e9c6",3.12658214569092
"seg_85fb0a",6.61680507659912
"seg_864fcf",8.28360176086426
"seg_8658b3",1.97822070121765
"seg_86720f",1.0018218755722
"seg_8681aa",4.91527366638184
"seg_86892f",7.81468963623047
"seg_868c85",4.64499139785767
"seg_86cfe9",8.65223026275635
"seg_86d847",3.6294150352478
"seg_86e874",4.6056113243103
"seg_87232d",7.0527548789978
"seg_876904",2.50071430206299
"seg_8773cf",3.13078856468201
"seg_8777bd",6.63088369369507
"seg_8785e2",8.93886756896973
"seg_878d2c",8.97358322143555
"seg_87a616",6.65828418731689
"seg_87a67a",3.68459486961365
"seg_87e4e8",7.21108388900757
"seg_87f6c8",7.71645498275757
"seg_8826f4",3.80788612365723
"seg_885f53",9.46441268920898
"seg_8866f0",2.24953460693359
"seg_88a81d",3.23224639892578
"seg_88b289",3.46601963043213
"seg_890181",6.00615692138672
"seg_89791c",4.70681238174438
"seg_89885a",6.92723798751831
"seg_899bf0",2.46083831787109
"seg_89b090",7.08713674545288
"seg_89d8a0",5.57191467285156
"seg_89e207",4.1316614151001
"seg_89eed6",2.20194053649902
"seg_89f975",10.0661764144897
"seg_8a3306",3.98126769065857
"seg_8a41bf",7.01195764541626
"seg_8a6b0e",4.90311527252197
"seg_8a7201",6.63099479675293
"seg_8a8220",5.60904598236084
"seg_8a8375",4.33726119995117
"seg_8ab3a7",2.18784475326538
"seg_8ae847",5.88075017929077
"seg_8aeb99",4.53265380859375
"seg_8b39c4",8.42823314666748
"seg_8b798b",2.9205334186554
"seg_8baeab",5.85277652740479
"seg_8bc20c",6.21800136566162
"seg_8bde47",3.57453846931458
"seg_8be2da",3.17818713188171
"seg_8be76c",2.39498043060303
"seg_8bec6f",4.46246528625488
"seg_8bf229",3.72551584243774
"seg_8c0114",3.4533998966217
"seg_8c1760",3.17346453666687
"seg_8c1cca",3.20575523376465
"seg_8c1e7d",7.65579462051392
"seg_8c341c",1.99860870838165
"seg_8c6d4e",2.30363011360168
"seg_8c6e34",8.11502552032471
"seg_8cd159",3.41442894935608
"seg_8cdf83",2.27137470245361
"seg_8ce632",3.33982849121094
"seg_8cf573",3.24919319152832
"seg_8d030a",6.12785959243774
"seg_8d135f",8.99717330932617
"seg_8d3a9d",3.7000367641449
"seg_8d4435",7.48826932907104
"seg_8d4965",6.38100242614746
"seg_8d5113",2.80928206443787
"seg_8d6578",7.83715629577637
"seg_8d6a7d",3.77290463447571
"seg_8da61a",7.33975267410278
"seg_8db6f0",3.14232206344604
"seg_8dcf3c",2.39890265464783
"seg_8dd2ab",3.37371134757996
"seg_8dd3ba",8.29932022094727
"seg_8dfc7e",3.00145864486694
"seg_8dfd7a",3.36976552009583
"seg_8e5704",2.7585825920105
"seg_8e6a3f",9.07891464233398
"seg_8e7194",8.39892768859863
"seg_8e7fca",3.95774483680725
"seg_8ebdea",9.22834873199463
"seg_8f1127",8.26324462890625
"seg_8f25b0",2.65900182723999
"seg_8f3247",3.68124771118164
"seg_8f3dfe",3.06761264801025
"seg_8f4654",9.45812702178955
"seg_8f4781",4.3783483505249
"seg_8f5589",7.12038803100586
"seg_8f592b",8.18565368652344
"seg_8f6284",3.6998918056488
"seg_8fb0d0",6.59709453582764
"seg_8fb29e",2.18633198738098
"seg_8fb828",3.77772665023804
"seg_8fc754",5.75641489028931
"seg_8fd465",3.50660634040833
"seg_902074",5.15602922439575
"seg_902bc1",8.10033416748047
"seg_903aba",8.99213981628418
"seg_907c52",3.60232448577881
"seg_90a0be",2.53350305557251
"seg_90b174",4.54287338256836
"seg_90bf60",6.23316717147827
"seg_90c258",4.76966190338135
"seg_90e904",4.69890117645264
"seg_90ec68",3.9225594997406
"seg_90ef18",2.33787894248962
"seg_911066",4.60240936279297
"seg_9122aa",2.35656642913818
"seg_913ffc",6.63341474533081
"seg_914a62",2.22725009918213
"seg_91596c",5.63940906524658
"seg_915b3e",6.43882465362549
"seg_91607c",4.60925006866455
"seg_919a6a",6.57163715362549
"seg_919c5c",3.00740432739258
"seg_91bf8c",4.11518096923828
"seg_91cff2",5.09072542190552
"seg_91eaeb",3.37379550933838
"seg_91f512",2.7968156337738
"seg_91f664",9.52521991729736
"seg_91fc29",5.69337892532349
"seg_920132",8.89648723602295
"seg_92092a",4.81011247634888
"seg_922914",2.71474647521973
"seg_922990",10.3261127471924
"seg_92310f",3.60421109199524
"seg_929ded",3.75155115127563
"seg_92a5f1",8.91062545776367
"seg_92af10",7.51112365722656
"seg_92b095",3.97555756568909
"seg_92bd37",5.0797290802002
"seg_92be9f",3.00242567062378
"seg_931244",3.10877633094788
"seg_93211c",4.27497100830078
"seg_932828",2.86516833305359
"seg_934087",2.91828274726868
"seg_939f5c",5.53896951675415
"seg_93d864",9.80471134185791
"seg_93f935",9.36851692199707
"seg_941759",7.49731636047363
"seg_943de0",5.49651718139648
"seg_944c98",7.94839286804199
"seg_945bc8",1.95145297050476
"seg_946d71",3.28570413589478
"seg_946d9a",2.78176307678223
"seg_947700",1.91399323940277
"seg_9485c0",3.72195219993591
"seg_94a133",2.74801468849182
"seg_94aa0a",5.61803245544434
"seg_94c48c",3.35017704963684
"seg_94d150",7.7217960357666
"seg_94d573",4.32885265350342
"seg_94ecad",3.04382538795471
"seg_950048",2.97888994216919
"seg_952faa",8.605299949646
"seg_95357d",9.65222072601318
"seg_95644e",5.23658418655396
"seg_957ece",3.57519555091858
"seg_95b321",3.87091588973999
"seg_95f45e",3.13383841514587
"seg_961d02",2.56399059295654
"seg_961ddf",4.67037916183472
"seg_9626a4",8.12286376953125
"seg_96642e",4.65450286865234
"seg_966f3d",8.51972675323486
"seg_967ae4",6.9184741973877
"seg_96cd5d",9.18698978424072
"seg_96dab2",7.94988250732422
"seg_96db5e",7.22862243652344
"seg_96fa35",2.48599624633789
"seg_970b35",4.4455418586731
"seg_970e86",7.77440881729126
"seg_974049",3.65327453613281
"seg_9757ac",9.85908603668213
"seg_979a8f",8.77986812591553
"seg_97a161",9.04588222503662
"seg_97ad82",5.86256742477417
"seg_97d9ed",9.07217884063721
"seg_97e4a9",2.44738388061523
"seg_9802c3",5.68453168869019
"seg_9825e0",5.12784957885742
"seg_983778",7.96594667434692
"seg_986976",4.20987844467163
"seg_986b6e",9.61645698547363
"seg_9872f9",7.23756837844849
"seg_988e69",4.00189113616943
"seg_98a819",9.71408367156982
"seg_98be13",5.52566194534302
"seg_98c0b6",7.80591440200806
"seg_98c44d",1.37707495689392
"seg_98c544",9.79621505737305
"seg_98ebaa",9.11092281341553
"seg_98f624",4.3139181137085
"seg_9940e8",3.511075258255
"seg_996c37",7.54298543930054
"seg_99ccbd",6.47671937942505
"seg_99f677",5.08831644058228
"seg_99f76c",6.87121391296387
"seg_9a1a4f",8.5168571472168
"seg_9a1c76",4.01910018920898
"seg_9a43ef",7.55769634246826
"seg_9a6025",8.08671188354492
"seg_9a74d8",3.51165652275085
"seg_9a7c46",2.9303297996521
"seg_9a7d1d",2.03880786895752
"seg_9a812d",2.31605291366577
"seg_9a81a3",8.92436599731445
"seg_9a8a1f",3.30882549285889
"seg_9a9041",3.66124582290649
"seg_9a92db",6.41890430450439
"seg_9aa6e2",9.07538795471191
"seg_9ab405",9.02821636199951
"seg_9ad261",3.63888812065125
"seg_9ad925",3.58647227287292
"seg_9ae1a1",6.33206224441528
"seg_9b0439",5.70633840560913
"seg_9b44d2",5.51387691497803
"seg_9b7ef8",2.13672780990601
"seg_9b7f93",3.84988331794739
"seg_9bab11",5.09710931777954
"seg_9bd388",2.71439027786255
"seg_9bee43",2.59142780303955
"seg_9c00d7",2.30404472351074
"seg_9c090f",2.45038795471191
"seg_9c2843",8.75060367584229
"seg_9c3d6a",3.53864741325378
"seg_9c3ef8",6.13213920593262
"seg_9c635d",9.55890274047852
"seg_9c6715",3.55922889709473
"seg_9c8162",8.2052173614502
"seg_9c8bc8",5.91396951675415
"seg_9ca72e",3.81295919418335
"seg_9caf50",8.32294178009033
"seg_9cb464",2.85336661338806
"seg_9d1b26",4.81311559677124
"seg_9d1dbe",6.62829160690308
"seg_9d2528",7.2769250869751
"seg_9d3013",2.62575387954712
"seg_9d452d",4.17815494537354
"seg_9d57a1",4.93341875076294
"seg_9d68cf",5.53018474578857
"seg_9d6ff0",8.64386558532715
"seg_9d7490",6.81541061401367
"seg_9d79d4",9.29070568084717
"seg_9dcae1",8.95731735229492
"seg_9ddc99",8.21127700805664
"seg_9dea8d",3.30954790115356
"seg_9df32d",2.61895847320557
"seg_9e25e9",7.4632740020752
"seg_9e3837",9.20613193511963
"seg_9e61da",2.73099708557129
"seg_9e7dff",8.52732944488525
"seg_9e8323",3.00497198104858
"seg_9e8ca4",2.88981437683105
"seg_9e962b",5.58358240127563
"seg_9ee0aa",9.62546443939209
"seg_9f042e",3.43692684173584
"seg_9f12c6",8.98505306243896
"seg_9f22a0",10.5221452713013
"seg_9f4fd4",2.42450380325317
"seg_9f57c4",7.91823387145996
"seg_9f6315",2.01111125946045
"seg_9f7542",8.62757110595703
"seg_9fc7c2",2.95339608192444
"seg_9fd9b8",2.11347150802612
"seg_9fe8b9",2.0975923538208
"seg_a00985",4.45198726654053
"seg_a009e6",9.07068824768066
"seg_a03e6a",5.26499605178833
"seg_a05c22",6.96635437011719
"seg_a06228",9.61589908599854
"seg_a0646a",2.76240062713623
"seg_a0979e",4.32737445831299
"seg_a0a423",2.49314737319946
"seg_a11dd5",3.99248099327087
"seg_a12acb",2.94582557678223
"seg_a133bc",6.06038522720337
"seg_a14212",2.87078595161438
"seg_a16a1b",9.13258647918701
"seg_a173d8",6.71510982513428
"seg_a18246",2.3520770072937
"seg_a1a511",7.47090768814087
"seg_a1acb2",8.01595878601074
"seg_a1b3cc",5.28332233428955
"seg_a1d8da",7.12749624252319
"seg_a1e5b0",6.72169876098633
"seg_a1edc1",3.31370997428894
"seg_a247ac",3.5637264251709
"seg_a25c46",6.4170036315918
"seg_a2986f",1.73342800140381
"seg_a2c108",3.11883783340454
"seg_a2d47d",2.71516013145447
"seg_a2e2c8",5.80230903625488
"seg_a2fd8b",3.25069952011108
"seg_a31d6e",8.06164360046387
"seg_a31fe3",4.4381160736084
"seg_a35c82",4.96797943115234
"seg_a35e7c",6.99100208282471
"seg_a39ebc",3.27243161201477
"seg_a39f3b",3.27031564712524
"seg_a39fa8",9.44737148284912
"seg_a3ab46",5.80832958221436
"seg_a3d4d6",1.54184281826019
"seg_a41c2c",5.69510746002197
"seg_a4208a",2.85154795646667
"seg_a420d4",2.55233955383301
"seg_a436bc",8.85311698913574
"seg_a437cb",5.67115879058838
"seg_a45455",4.21371746063232
"seg_a47cce",5.76082897186279
"seg_a489e1",3.80016565322876
"seg_a49ccc",3.69101428985596
"seg_a4ad7c",9.21282291412354
"seg_a4e745",7.58864831924438
"seg_a50d28",2.58868837356567
"seg_a5271e",5.43628883361816
"seg_a53e4c",2.8075385093689
"seg_a543e5",9.77623844146729
"seg_a55540",3.67841935157776
"seg_a55a17",2.5399796962738
"seg_a56c04",4.98013544082642
"seg_a58a6e",3.0495183467865
"seg_a5934a",8.86920166015625
"seg_a5d37f",2.43461179733276
"seg_a5dea6",3.42422914505005
"seg_a5f4dd",5.64320039749146
"seg_a5fbcc",8.82591438293457
"seg_a61e1c",4.46417760848999
"seg_a63573",2.30763125419617
"seg_a674d2",5.45208263397217
"seg_a68007",3.30133461952209
"seg_a68ffb",9.64333057403564
"seg_a69246",4.21185684204102
"seg_a6959c",3.96971917152405
"seg_a6bf91",3.45217514038086
"seg_a6c5cc",9.0639762878418
"seg_a6cd86",8.67681694030762
"seg_a6e801",3.60237216949463
"seg_a6e99c",8.7232723236084
"seg_a6eed3",3.32625102996826
"seg_a704ee",4.39272356033325
"seg_a7561c",6.47651529312134
"seg_a7b454",5.09370756149292
"seg_a7d0eb",2.23429727554321
"seg_a7e49b",8.60475540161133
"seg_a80123",2.24298572540283
"seg_a802fa",9.20205211639404
"seg_a80f6f",7.0745677947998
"seg_a82229",4.89611101150513
"seg_a84c13",5.45767688751221
"seg_a86231",5.6492657661438
"seg_a8685e",2.49392175674438
"seg_a86a05",9.74030303955078
"seg_a87e79",3.97699117660522
"seg_a88097",7.84494686126709
"seg_a88dde",5.40655660629272
"seg_a8bb2f",7.42452812194824
"seg_a8ddf7",9.03686046600342
"seg_a8e6df",8.64850807189941
"seg_a8e71a",2.74585127830505
"seg_a9089b",6.99046754837036
"seg_a91c03",5.72057485580444
"seg_a93a88",5.51155519485474
"seg_a96b47",6.48845338821411
"seg_a975df",6.56912565231323
"seg_a99161",9.151291847229
"seg_a99799",2.26465940475464
"seg_a99be9",2.73026394844055
"seg_a9a820",2.47830009460449
"seg_a9b957",2.28513813018799
"seg_a9f80e",2.25716137886047
"seg_aa0180",5.53646659851074
"seg_aa1adf",6.56212425231934
"seg_aa508a",9.8396692276001
"seg_aa78e0",2.76813912391663
"seg_aa7a4b",3.83742022514343
"seg_aa98cc",6.88481283187866
"seg_aa9b8e",3.73211741447449
"seg_aaa2ae",3.05309081077576
"seg_aabc52",6.81509208679199
"seg_aae025",8.32310676574707
"seg_ab001b",7.87411689758301
"seg_ab15ad",2.36859226226807
"seg_ab2a78",9.04476356506348
"seg_ab3f14",6.97809171676636
"seg_ab4bca",3.77392673492432
"seg_ab644e",4.24636507034302
"seg_ab70bd",7.79909563064575
"seg_ab9654",3.71330738067627
"seg_aba501",8.37252616882324
"seg_abaad2",8.64864635467529
"seg_abb03a",3.87092709541321
"seg_abb06a",5.29081916809082
"seg_abc5fd",6.8724365234375
"seg_abda04",8.03656196594238
"seg_abeca6",3.30310535430908
"seg_ac45ae",9.22827243804932
"seg_ac5c61",9.69358062744141
"seg_ac68bb",3.47938179969788
"seg_ac9de5",3.55213737487793
"seg_acd715",5.59552907943726
"seg_acf2f4",9.16886615753174
"seg_ad3a44",5.0982813835144
"seg_ad3cf0",4.04242324829102
"seg_ad591c",2.69895219802856
"seg_ad759c",2.6834282875061
"seg_ad82ca",6.27969551086426
"seg_ad949a",3.21312785148621
"seg_ada42c",3.02964854240417
"seg_ada81a",8.73446369171143
"seg_ade769",2.9901876449585
"seg_adf94a",2.82987403869629
"seg_adf986",2.01334571838379
"seg_ae32a6",10.0129814147949
"seg_ae3388",3.32691383361816
"seg_ae3d92",4.01133966445923
"seg_ae42b3",9.91158199310303
"seg_ae9626",2.76982998847961
"seg_ae9761",6.55565977096558
"seg_aec276",6.95139360427856
"seg_aed434",3.44432497024536
"seg_aee7c0",9.77638053894043
"seg_aee9bf",3.27471661567688
"seg_aeeb31",9.10153293609619
"seg_af1650",7.92968320846558
"seg_af2472",3.5731954574585
"seg_af6204",6.54264736175537
"seg_af703b",4.14552021026611
"seg_af959f",3.04847240447998
"seg_afa4a1",2.86373853683472
"seg_afadfb",5.87457990646362
"seg_afca81",9.73493671417236
"seg_afd665",8.6743221282959
"seg_b00f05",3.71813225746155
"seg_b02e31",3.12462329864502
"seg_b03de5",5.4514741897583
"seg_b08e9d",2.36253643035889
"seg_b0a794",6.03279876708984
"seg_b0bf65",9.81237316131592
"seg_b0cf32",9.18064308166504
"seg_b0d251",2.22513771057129
"seg_b0f9cd",7.02604913711548
"seg_b108c9",4.06364345550537
"seg_b13220",3.98364090919495
"seg_b13fb9",5.30762672424316
"seg_b197e2",2.69305276870728
"seg_b1a35c",6.00651264190674
"seg_b1b95e",7.38919734954834
"seg_b1fea8",3.46275734901428
"seg_b20487",3.01150584220886
"seg_b21273",2.68484210968018
"seg_b23489",7.85691499710083
"seg_b253ee",1.94051110744476
"seg_b25dde",2.12532138824463
"seg_b26368",4.34754467010498
"seg_b284b2",6.92745685577393
"seg_b291c0",2.17205619812012
"seg_b2b29d",3.90503859519958
"seg_b2b331",8.89358520507812
"seg_b2e045",2.38139653205872
"seg_b31961",8.45879364013672
"seg_b32d1d",3.21080660820007
"seg_b35174",3.59381699562073
"seg_b36650",2.89852452278137
"seg_b36c8a",4.52173042297363
"seg_b378bc",2.77266144752502
"seg_b3883e",2.33838057518005
"seg_b3cf21",6.76234483718872
"seg_b3d886",3.72171425819397
"seg_b402ac",3.11919379234314
"seg_b41d3c",2.54248762130737
"seg_b42170",2.18368053436279
"seg_b4402d",3.0553605556488
"seg_b44c2e",9.16295337677002
"seg_b47c19",5.45364332199097
"seg_b4c040",2.44522285461426
"seg_b4cb44",3.40077900886536
"seg_b4f7a8",4.22803974151611
"seg_b50239",3.24399471282959
"seg_b51380",7.31536340713501
"seg_b51b7c",3.25124049186707
"seg_b52710",2.81055855751038
"seg_b52add",8.07084083557129
"seg_b52dac",8.19559574127197
"seg_b54024",3.18976211547852
"seg_b568c6",8.4890079498291
"seg_b57e76",3.55195736885071
"seg_b5804a",5.03028964996338
"seg_b58542",2.64963722229004
"seg_b5a447",3.14183044433594
"seg_b5aee9",2.59289503097534
"seg_b6254c",3.15067028999329
"seg_b63de1",3.34648370742798
"seg_b64c9c",3.30437135696411
"seg_b66b87",8.32304573059082
"seg_b686e5",9.9058837890625
"seg_b687fc",7.62446069717407
"seg_b691c5",2.59875297546387
"seg_b69455",8.03235244750977
"seg_b695b3",7.97180843353271
"seg_b6bdaa",2.76455044746399
"seg_b6c10d",5.2995662689209
"seg_b6cb2b",2.36339139938354
"seg_b72413",7.04872894287109
"seg_b735a5",3.28566288948059
"seg_b77bf5",7.64386129379272
"seg_b782c7",5.17719221115112
"seg_b78883",3.72688388824463
"seg_b7a8a1",9.86719417572021
"seg_b7b098",2.42375707626343
"seg_b7da0a",2.37320041656494
"seg_b7eeb6",9.21655559539795
"seg_b80358",5.14748668670654
"seg_b80366",3.33619785308838
"seg_b80b89",9.36457824707031
"seg_b8141c",3.17372012138367
"seg_b853c1",1.60512721538544
"seg_b853f8",6.06030416488647
"seg_b86ce1",4.10059261322021
"seg_b8725b",5.00144386291504
"seg_b8745c",7.91089200973511
"seg_b87cf5",7.95269775390625
"seg_b88baa",4.90616941452026
"seg_b89218",7.50111150741577
"seg_b89e47",1.90627014636993
"seg_b8b72f",2.9063572883606
"seg_b8bb87",4.07846736907959
"seg_b8fd73",2.36024904251099
"seg_b91011",2.53878664970398
"seg_b917b5",5.03580331802368
"seg_b91ae2",3.01799869537354
"seg_b9361a",8.925217628479
"seg_b9365c",6.54332780838013
"seg_b947ae",2.96224641799927
"seg_b95010",4.83254957199097
"seg_b95a77",4.22184181213379
"seg_b9619c",3.3659782409668
"seg_b9ad7f",7.04698610305786
"seg_b9bdd7",9.72337436676025
"seg_b9d8a0",2.67917680740356
"seg_b9de03",9.05131721496582
"seg_b9ec4b",6.64801406860352
"seg_ba0485",3.09299659729004
"seg_ba1d68",5.00526237487793
"seg_ba2c48",4.30630207061768
"seg_ba3c47",3.68677878379822
"seg_ba3e74",8.46294975280762
"seg_ba4ea3",2.98064994812012
"seg_ba5e7e",2.19140434265137
"seg_ba83da",3.99412226676941
"seg_ba941e",4.69620323181152
"seg_ba98dc",2.93742179870605
"seg_ba9dbf",3.12851405143738
"seg_baa745",7.80725717544556
"seg_bb171f",3.45851898193359
"seg_bb180c",8.40732383728027
"seg_bb2d77",2.83834624290466
"seg_bb5e15",7.99648094177246
"seg_bb6904",4.74477624893188
"seg_bb6fcb",2.37827658653259
"seg_bb92b1",4.42900848388672
"seg_bbb01e",4.73399543762207
"seg_bbbc30",3.94899773597717
"seg_bbf805",3.16417980194092
"seg_bbfd4e",2.29087138175964
"seg_bc07c8",8.60288143157959
"seg_bc1d67",6.17192268371582
"seg_bc2186",5.78665542602539
"seg_bc437b",3.38172101974487
"seg_bca500",5.27109861373901
"seg_bcc8f1",3.93812990188599
"seg_bce23c",7.50480461120605
"seg_bce305",2.71152520179749
"seg_bcf2d9",3.07481622695923
"seg_bcf6af",4.01304244995117
"seg_bcfad6",4.35171508789062
"seg_bd00c4",2.69460320472717
"seg_bd2b0c",3.7058539390564
"seg_bd31bf",6.23427724838257
"seg_bd40f2",6.57991886138916
"seg_bd4d30",8.45176601409912
"seg_bd5022",9.19414710998535
"seg_bd629b",3.16556692123413
"seg_bd6f5f",7.81357622146606
"seg_bd7109",4.13270282745361
"seg_bdae02",4.03789520263672
"seg_bdf84b",3.12447190284729
"seg_be0cdc",6.79155921936035
"seg_be0dfa",5.621009349823
"seg_be19e2",9.0873556137085
"seg_be30ce",4.33198642730713
"seg_be4612",9.20647525787354
"seg_be62ef",6.15701723098755
"seg_be65f2",2.71260976791382
"seg_be811d",2.64749574661255
"seg_beb650",6.32779932022095
"seg_beda44",2.30052447319031
"seg_bee792",2.607182264328
"seg_bf1294",8.24381637573242
"seg_bf1430",2.58535861968994
"seg_bf1a72",7.93110275268555
"seg_bf2d1f",9.60028171539307
"seg_bf4bf2",7.34320020675659
"seg_bf4ec0",2.8844633102417
"seg_bf58ce",5.40111398696899
"seg_bf7224",2.98708295822144
"seg_bfdd14",5.82250118255615
"seg_bfe0b6",9.09910869598389
"seg_bff05e",9.77800559997559
"seg_bff392",5.57152557373047
"seg_c01a57",2.0850510597229
"seg_c01d9a",2.43582820892334
"seg_c01f63",10.2249946594238
"seg_c0260d",7.04845380783081
"seg_c047b7",4.82857847213745
"seg_c05a7d",9.61347579956055
"seg_c07b7c",4.3755030632019
"seg_c08d36",3.71259522438049
"seg_c09a41",9.69440174102783
"seg_c0c0ed",9.27751922607422
"seg_c0d7da",5.35831499099731
"seg_c0e1b9",2.39839196205139
"seg_c0ea9f",3.8443078994751
"seg_c106ca",5.94600677490234
"seg_c10a58",2.52573943138123
"seg_c11828",10.0478000640869
"seg_c11a4f",6.96991300582886
"seg_c12d7d",2.35220789909363
"seg_c146a8",8.78276920318604
"seg_c15d21",9.24073123931885
"seg_c17817",7.52740955352783
"seg_c179f8",9.24827194213867
"seg_c183e4",9.25937271118164
"seg_c186dc",9.0319299697876
"seg_c18d5a",7.18453025817871
"seg_c1fe9a",6.41155290603638
"seg_c20a27",3.68405890464783
"seg_c20c06",8.94522380828857
"seg_c21723",2.55169868469238
"seg_c21d60",9.60818386077881
"seg_c22bd4",8.74707221984863
"seg_c23429",7.15851974487305
"seg_c23641",3.93982887268066
"seg_c243a6",7.35613870620728
"seg_c24946",2.78830409049988
"seg_c25855",2.57111501693726
"seg_c267a5",3.45025396347046
"seg_c26fb4",6.84564685821533
"seg_c27591",6.43321800231934
"seg_c2a0c8",2.81479430198669
"seg_c2b8f7",8.96752452850342
"seg_c3507f",6.91411447525024
"seg_c35940",2.08563303947449
"seg_c365de",4.11487674713135
"seg_c3836b",6.76756286621094
"seg_c3f672",9.01736831665039
"seg_c3f8d7",3.01954674720764
"seg_c41d1d",8.42406272888184
"seg_c42490",4.40356826782227
"seg_c42952",9.89347648620605
"seg_c44bbc",4.4801139831543
"seg_c46ce6",3.36590528488159
"seg_c472cf",4.14619827270508
"seg_c47bdc",5.56512069702148
"seg_c4af54",2.67029333114624
"seg_c5064e",8.10638618469238
"seg_c509ff",4.42150402069092
"seg_c522f8",9.46267986297607
"seg_c5256d",3.3231987953186
"seg_c52ae6",6.31375122070312
"seg_c5325c",5.93560123443604
"seg_c550b1",2.04572439193726
"seg_c565bd",6.26677846908569
"seg_c571ef",9.35474586486816
"seg_c588c1",6.7640552520752
"seg_c58ca5",3.0679247379303
"seg_c5abaa",8.23456192016602
"seg_c5c455",1.84955298900604
"seg_c5c6ea",2.65271472930908
"seg_c5dada",2.98610520362854
"seg_c5dee4",7.77139711380005
"seg_c5f986",5.6828727722168
"seg_c5fc3b",8.07722854614258
"seg_c5fc87",6.63970756530762
"seg_c607eb",9.22391891479492
"seg_c60dca",5.0856032371521
"seg_c60f1d",8.88484764099121
"seg_c627fc",5.14109802246094
"seg_c62a06",3.49765539169312
"seg_c65135",10.1666765213013
"seg_c654e7",4.80381488800049
"seg_c666dd",4.53012132644653
"seg_c671f7",1.28515112400055
"seg_c6b514",4.20096969604492
"seg_c6c29f",5.71865177154541
"seg_c6f0a2",7.2431845664978
"seg_c6f533",8.48247718811035
"seg_c6f9c2",2.87718319892883
"seg_c703be",2.18136358261108
"seg_c70fde",9.64416027069092
"seg_c714d0",9.26390933990479
"seg_c73df6",8.41912937164307
"seg_c747ad",6.8961296081543
"seg_c747b4",8.08854103088379
"seg_c7a3bc",5.66309547424316
"seg_c7a401",5.63394355773926
"seg_c7a579",7.26100969314575
"seg_c7b424",6.96905183792114
"seg_c80857",7.44761800765991
"seg_c81e10",4.32116746902466
"seg_c81fec",4.52035856246948
"seg_c8459f",3.9417610168457
"seg_c87c24",3.40932369232178
"seg_c901c0",4.75067567825317
"seg_c90be5",8.39579582214355
"seg_c9201c",8.1135139465332
"seg_c9481f",4.71583318710327
"seg_c94941",7.09737539291382
"seg_c9831a",2.62294149398804
"seg_c9e533",3.37188386917114
"seg_c9f80a",3.02940702438354
"seg_ca2d1b",3.71897602081299
"seg_ca407b",8.71896457672119
"seg_ca44a8",5.42926406860352
"seg_ca67ee",2.2387421131134
"seg_ca6d70",7.49787712097168
"seg_ca8389",2.56430459022522
"seg_ca88e3",9.47750854492188
"seg_ca9e39",2.26273441314697
"seg_caa919",2.63762903213501
"seg_cacd0a",4.90242004394531
"seg_cacd58",9.09042644500732
"seg_cb0e21",5.0110821723938
"seg_cb806c",7.70005798339844
"seg_cbcce9",3.73203706741333
"seg_cbfb19",3.5866060256958
"seg_cc096e",8.23442459106445
"seg_cc2c46",2.91491508483887
"seg_cc2e9b",4.76904582977295
"seg_cc4199",7.37176465988159
"seg_cc4932",5.8694224357605
"seg_cc4950",4.77116107940674
"seg_cc667b",4.18981838226318
"seg_cc7a19",4.84712076187134
"seg_cc7e39",5.68275356292725
"seg_ccdc28",8.79025745391846
"seg_cd0691",3.1968355178833
"seg_cd2b34",3.3940601348877
"seg_cd2b53",2.93896627426147
"seg_cd352f",3.56219077110291
"seg_cd43b4",3.22564697265625
"seg_cd699e",3.42227935791016
"seg_cd9f9b",9.91882038116455
"seg_cdadb5",4.74001455307007
"seg_cdf88e",3.35953831672668
"seg_ce00bb",7.45740747451782
"seg_ce46ba",7.22430372238159
"seg_ce472b",6.33446645736694
"seg_ce5520",7.69515323638916
"seg_ce5832",9.0771541595459
"seg_ce72e2",3.08954858779907
"seg_ce7537",2.5279860496521
"seg_ce9f59",2.11003422737122
"seg_cea185",3.24209022521973
"seg_ceab44",3.42904257774353
"seg_ceb942",8.61401748657227
"seg_cec2f2",9.52247142791748
"seg_cecd29",3.55583381652832
"seg_ced992",3.80593132972717
"seg_cedf3e",4.92825222015381
"seg_cee7d0",3.91422915458679
"seg_cf0e43",2.79065632820129
"seg_cf1371",5.44926023483276
"seg_cf25d2",8.3293399810791
"seg_cf3825",2.86362791061401
"seg_cf5764",3.60738348960876
"seg_cf646e",5.19027233123779
"seg_cf74e8",9.26244163513184
"seg_cf9a49",9.24267101287842
"seg_cfed24",4.17304134368896
"seg_cff594",9.44946193695068
"seg_d014a3",3.46267414093018
"seg_d0598e",2.84464001655579
"seg_d062a6",4.82055282592773
"seg_d07c62",8.22539329528809
"seg_d07ce8",6.65792798995972
"seg_d098df",4.3338451385498
"seg_d0c280",7.73154354095459
"seg_d0c8e2",8.13028144836426
"seg_d0f262",5.31654071807861
"seg_d0f803",6.19716262817383
"seg_d1045e",2.80730795860291
"seg_d11ca8",2.39959716796875
"seg_d14524",2.78751873970032
"seg_d146a6",5.85638761520386
"seg_d16534",3.81433725357056
"seg_d19980",7.40551710128784
"seg_d1a281",9.17622375488281
"seg_d1a2b9",2.27067089080811
"seg_d1a8b3",1.55927622318268
"seg_d1abaa",9.29520893096924
"seg_d1b91e",2.58936285972595
"seg_d1ca05",7.58707571029663
"seg_d1cb37",4.67500352859497
"seg_d1eee8",9.3067626953125
"seg_d1fbb8",6.51481866836548
"seg_d21066",4.54513692855835
"seg_d21eb6",2.40417385101318
"seg_d24095",4.77318334579468
"seg_d247da",9.38403129577637
"seg_d2551a",10.0305633544922
"seg_d26f7d",7.83224439620972
"seg_d27193",3.46539855003357
"seg_d27812",5.27031707763672
"seg_d29a4b",3.99240589141846
"seg_d2a533",2.18008017539978
"seg_d2ad9a",6.91649675369263
"seg_d2cb02",8.02702331542969
"seg_d2db6b",2.83419442176819
"seg_d2f588",3.29061841964722
"seg_d30a9d",2.19495296478271
"seg_d31583",3.48398971557617
"seg_d320f5",4.38970279693604
"seg_d328bb",3.44439697265625
"seg_d32f71",7.00925350189209
"seg_d32f8a",8.02744293212891
"seg_d35274",8.32795906066895
"seg_d356ab",2.68265390396118
"seg_d35e50",2.91383004188538
"seg_d36055",9.31656074523926
"seg_d36342",5.20544672012329
"seg_d36681",4.45467758178711
"seg_d36737",4.43994379043579
"seg_d37b05",2.60589599609375
"seg_d39131",5.76855564117432
"seg_d398df",3.03230285644531
"seg_d3992e",4.5522780418396
"seg_d3bb14",4.24556350708008
"seg_d3d8fc",2.00398111343384
"seg_d3f6b0",7.53292655944824
"seg_d3f967",4.37196731567383
"seg_d40bb2",3.07046151161194
"seg_d41daa",3.74059057235718
"seg_d42c77",8.98352527618408
"seg_d44589",3.32447671890259
"seg_d47aba",7.0189094543457
"seg_d4c763",3.86314964294434
"seg_d4dec8",3.17616105079651
"seg_d4ea17",3.85051727294922
"seg_d508db",6.17479562759399
"seg_d516e3",5.41509771347046
"seg_d56ae2",3.82835602760315
"seg_d56d32",2.68901491165161
"seg_d59e4e",2.43858432769775
"seg_d5b100",4.2348484992981
"seg_d5d3a1",5.29736280441284
"seg_d5dbc1",7.85060882568359
"seg_d5df41",8.06142044067383
"seg_d5f344",3.31386923789978
"seg_d60d18",8.0532751083374
"seg_d62e9c",3.96361494064331
"seg_d63175",1.09776377677917
"seg_d661ce",2.85374903678894
"seg_d668c0",2.85785365104675
"seg_d68930",7.99020099639893
"seg_d693b0",9.48073196411133
"seg_d6b198",9.06303882598877
"seg_d6b386",5.16119003295898
"seg_d6b546",7.40731191635132
"seg_d6dad6",2.44063901901245
"seg_d6ea73",7.3754563331604
"seg_d702b2",3.17574453353882
"seg_d71352",3.24518537521362
"seg_d740b2",2.19441843032837
"seg_d753f8",2.40280055999756
"seg_d78093",8.19208526611328
"seg_d78e7d",3.59344053268433
"seg_d795ab",2.52745914459229
"seg_d7967e",4.81873750686646
"seg_d7a805",5.992027759552
"seg_d7ab50",5.77998781204224
"seg_d7f015",3.28749847412109
"seg_d7f53a",8.60111808776855
"seg_d8014d",2.77755069732666
"seg_d83890",3.94162797927856
"seg_d85e2e",7.01228189468384
"seg_d86eb6",3.66462993621826
"seg_d88da7",3.16463708877563
"seg_d89369",2.14357376098633
"seg_d90c5f",4.88764381408691
"seg_d91492",6.10758543014526
"seg_d9190c",2.54940271377563
"seg_d9352b",3.8404655456543
"seg_d962cc",3.18842697143555
"seg_d9750c",8.78377056121826
"seg_d9a2bb",3.19416236877441
"seg_d9b162",7.96613597869873
"seg_d9bb68",7.68499708175659
"seg_d9ce67",2.3812370300293
"seg_d9d0e4",4.36541318893433
"seg_d9dab4",5.13230323791504
"seg_da21ee",4.79780673980713
"seg_da7c3b",5.62395620346069
"seg_da80c4",5.48362350463867
"seg_da8b88",4.91690969467163
"seg_dab0f9",4.16967010498047
"seg_dad4f2",2.41190910339355
"seg_db3446",5.92612028121948
"seg_db3a95",4.32760810852051
"seg_db3fbe",5.0371789932251
"seg_db4185",2.69650387763977
"seg_db606c",4.62358713150024
"seg_db694a",4.88785934448242
"seg_db6d5f",5.95963668823242
"seg_db90c0",9.32217407226562
"seg_dbbb44",8.07698822021484
"seg_dbc615",3.1623432636261
"seg_dbf3f2",9.23488807678223
"seg_dc188b",2.6345112323761
"seg_dc1cf0",2.89062333106995
"seg_dc23c0",4.10573196411133
"seg_dc4698",3.28888297080994
"seg_dc5e63",4.82354831695557
"seg_dc6e94",7.03431415557861
"seg_dc73b8",3.45720076560974
"seg_dc7e0d",9.41037940979004
"seg_dca2c2",2.72880363464355
"seg_dcb51d",8.16603469848633
"seg_dcbe02",4.64170837402344
"seg_dcd9df",2.18054008483887
"seg_dcee28",6.69575691223145
"seg_dceeca",6.19237899780273
"seg_dcf242",9.22402572631836
"seg_dcfb4b",5.21062278747559
"seg_dd0b11",4.52136135101318
"seg_dd4594",6.62101936340332
"seg_dd699c",7.30553436279297
"seg_dd780d",6.73195266723633
"seg_dd8805",7.51711845397949
"seg_ddbadc",2.69087028503418
"seg_ddc800",2.0573353767395
"seg_ddd206",3.44806003570557
"seg_ddddf0",3.76182293891907
"seg_de225c",1.61097681522369
"seg_de3237",2.31714248657227
"seg_de3d5e",8.35096549987793
"seg_de4e1d",3.3175802230835
"seg_de8180",4.37519693374634
"seg_de98fa",4.20279312133789
"seg_de9e32",5.00757312774658
"seg_df0df7",6.90340518951416
"seg_df352f",2.94913840293884
"seg_df45b0",6.08951807022095
"seg_df8385",9.89322662353516
"seg_df8e0a",2.11477994918823
"seg_df99d4",8.0040111541748
"seg_dff078",2.94870281219482
"seg_e00465",3.03773140907288
"seg_e051bc",9.06923866271973
"seg_e05de2",9.98503684997559
"seg_e067ab",5.42053461074829
"seg_e09301",9.99443244934082
"seg_e0c329",7.10515689849854
"seg_e0ce38",7.70762920379639
"seg_e0cfd4",9.12725448608398
"seg_e0f296",5.3027229309082
"seg_e10d3b",3.269207239151
"seg_e13bd8",6.37867879867554
"seg_e14149",4.24816608428955
"seg_e1468f",6.69444465637207
"seg_e15cb9",3.08457398414612
"seg_e197b8",8.26725292205811
"seg_e1a9e0",9.31055164337158
"seg_e1daa0",5.3544135093689
"seg_e1f045",4.0347375869751
"seg_e1f081",3.08615827560425
"seg_e20d76",2.16856527328491
"seg_e217fc",3.68442630767822
"seg_e2209b",6.80628061294556
"seg_e24496",7.98956155776978
"seg_e24f69",2.35586452484131
"seg_e256bd",5.59135246276855
"seg_e25aca",4.27352905273438
"seg_e266f4",2.54063200950623
"seg_e27c0a",5.27781057357788
"seg_e29670",7.93201398849487
"seg_e2b8b1",3.43123888969421
"seg_e2c82c",7.73115062713623
"seg_e3005e",2.51800060272217
"seg_e30e44",4.04304361343384
"seg_e30ef5",4.23817825317383
"seg_e34052",2.43058681488037
"seg_e37b8e",3.13447499275208
"seg_e3b1f1",7.71935129165649
"seg_e3ca24",9.73001861572266
"seg_e3cf1a",5.60568618774414
"seg_e3d751",4.45749282836914
"seg_e3dafa",6.50658273696899
"seg_e3e762",7.71258115768433
"seg_e40348",2.6207127571106
"seg_e405fe",8.4562816619873
"seg_e40d64",8.80809116363525
"seg_e41fc9",8.57186889648438
"seg_e47d2b",4.3612585067749
"seg_e481c7",4.43085908889771
"seg_e48c23",5.76803588867188
"seg_e49750",6.77714776992798
"seg_e4c15a",2.97199749946594
"seg_e4f203",3.97921657562256
"seg_e4f403",2.12683057785034
"seg_e50f16",9.7558422088623
"seg_e52f8c",5.07864761352539
"seg_e53a52",9.3359432220459
"seg_e54932",3.7633159160614
"seg_e5750a",4.54546546936035
"seg_e59dca",8.65242195129395
"seg_e5b510",4.41825008392334
"seg_e5c033",5.25107049942017
"seg_e5deec",6.55016613006592
"seg_e5e238",3.67954254150391
"seg_e5f9ec",5.94276332855225
"seg_e5fbc1",2.47155404090881
"seg_e60719",2.24319314956665
"seg_e6307f",6.44559764862061
"seg_e64dfa",5.90057516098022
"seg_e65e69",9.43392562866211
"seg_e66697",2.18192625045776
"seg_e6b236",8.31648635864258
"seg_e6bd3f",8.55169582366943
"seg_e6c973",3.92084646224976
"seg_e6e1df",8.89253807067871
"seg_e6e24e",9.74881744384766
"seg_e71dda",3.75518560409546
"seg_e72f10",6.23610639572144
"seg_e742dc",5.2400107383728
"seg_e76e6e",3.14182734489441
"seg_e7ac12",2.45562314987183
"seg_e7ced6",2.49735307693481
"seg_e7d1f8",3.01773977279663
"seg_e7d3e7",3.74964952468872
"seg_e80726",8.18252277374268
"seg_e81b50",5.38391017913818
"seg_e8385f",3.16122579574585
"seg_e85f55",5.9804220199585
"seg_e86e44",3.32099270820618
"seg_e86ed1",8.43114471435547
"seg_e86f77",3.41497540473938
"seg_e877a5",2.81078171730042
"seg_e8a2c4",2.59142684936523
"seg_e8a4f4",2.2631368637085
"seg_e8ac98",4.89338684082031
"seg_e8ad6b",3.42619633674622
"seg_e8b2b3",7.88814544677734
"seg_e8bcde",4.85205554962158
"seg_e8ce6a",3.53556799888611
"seg_e8d02f",2.72295379638672
"seg_e90c0d",6.10879802703857
"seg_e92526",4.73635482788086
"seg_e9272e",3.92705392837524
"seg_e96140",4.6042857170105
"seg_e98217",9.94719123840332
"seg_e9a09f",9.80391883850098
"seg_e9aa44",2.11366629600525
"seg_e9df42",6.72745990753174
"seg_e9e65b",2.57117414474487
"seg_ea0091",2.04501104354858
"seg_ea05c1",9.44613838195801
"seg_ea096b",8.9092435836792
"seg_ea098b",4.29397583007812
"seg_ea4d3a",3.67815399169922
"seg_ea78c0",5.54772520065308
"seg_ea8270",3.95724391937256
"seg_ea9d37",2.55252170562744
"seg_ea9fa4",3.39727163314819
"seg_eaa0ec",5.93600463867188
"seg_eabb2c",2.32107210159302
"seg_eacccf",4.94320869445801
"seg_ead30e",2.89159893989563
"seg_eb0b19",7.15306425094604
"seg_eb1d6e",3.25231099128723
"seg_eb2e11",2.84368944168091
"seg_eb32bc",3.33423399925232
"seg_eb47a9",4.69917440414429
"seg_eb692c",10.2827882766724
"seg_eb7595",6.671462059021
"seg_eb7f91",3.7097806930542
"seg_eba22d",2.75249290466309
"seg_ebb79f",7.56457567214966
"seg_ebd77b",3.10192394256592
"seg_ebe36c",2.92865586280823
"seg_ebec3e",8.70720386505127
"seg_ec0e7b",7.49773025512695
"seg_ec4645",2.40244102478027
"seg_ec73d5",4.84178733825684
"seg_ec973c",2.48632526397705
"seg_eca2eb",2.41732835769653
"seg_ecaef0",6.88447427749634
"seg_eccb17",6.23953533172607
"seg_ecdca4",6.86368751525879
"seg_ecf28d",7.14128828048706
"seg_ecf81b",2.82217621803284
"seg_ed07b0",5.73504877090454
"seg_ed3e4c",9.70096588134766
"seg_ed52ac",4.01033496856689
"seg_ed7741",2.65637969970703
"seg_ed7dee",9.09082984924316
"seg_ed7f69",8.604079246521
"seg_edda79",3.25779700279236
"seg_edecaa",6.10832262039185
"seg_ee1cfc",3.08372020721436
"seg_ee2781",2.36516284942627
"seg_ee4479",2.82375502586365
"seg_ee4ae5",5.52681159973145
"seg_ee7224",6.97392559051514
"seg_ee87e2",2.87656092643738
"seg_ee8f87",4.39338541030884
"seg_eea20e",2.94476866722107
"seg_eebbc2",9.21270751953125
"seg_eee89d",3.68342685699463
"seg_eefd4a",3.9678099155426
"seg_ef24bd",8.63694286346436
"seg_ef27c8",4.02513217926025
"seg_ef47c4",3.99535298347473
"seg_ef644a",9.78441619873047
"seg_ef660a",7.08410120010376
"seg_ef74dc",4.05071258544922
"seg_ef779d",5.76726770401001
"seg_ef9105",2.7815089225769
"seg_efb639",4.55773687362671
"seg_efbf3e",3.71875190734863
"seg_efc5fb",6.91168403625488
"seg_efd9ec",5.9188871383667
"seg_f003ca",6.17088603973389
"seg_f01368",7.25476741790771
"seg_f0181d",8.34497833251953
"seg_f02d32",8.08630752563477
"seg_f056d8",4.22229480743408
"seg_f0574b",2.39943552017212
"seg_f073e2",2.3382523059845
"seg_f0ce4a",8.236496925354
"seg_f0cedb",8.82181072235107
"seg_f0d278",4.24908065795898
"seg_f0db55",9.47192859649658
"seg_f11620",2.68627858161926
"seg_f11f77",5.10193729400635
"seg_f165f6",3.02196049690247
"seg_f19f8e",3.40624022483826
"seg_f1a771",4.19156885147095
"seg_f1b916",2.82999324798584
"seg_f1f5b9",7.64622354507446
"seg_f21a22",2.75268340110779
"seg_f21bf4",3.49641489982605
"seg_f22163",1.92361783981323
"seg_f229bf",5.33984899520874
"seg_f24292",8.13807678222656
"seg_f2750c",6.56040334701538
"seg_f2a20d",4.85010766983032
"seg_f2ae5e",7.29791116714478
"seg_f2b0c5",8.4354190826416
"seg_f2cb5e",4.62014579772949
"seg_f2f5a3",4.9523229598999
"seg_f3063a",2.16522693634033
"seg_f30b2f",4.39201831817627
"seg_f30f0c",2.54055118560791
"seg_f322b1",6.58418273925781
"seg_f342a3",4.89765882492065
"seg_f34877",2.01266980171204
"seg_f383fb",4.8926305770874
"seg_f3c578",6.42792797088623
"seg_f43730",4.08310747146606
"seg_f43ab6",4.00441026687622
"seg_f455bc",3.82938051223755
"seg_f46cc1",2.37077045440674
"seg_f48363",2.26880192756653
"seg_f48db9",8.69861793518066
"seg_f4ad4b",9.31770992279053
"seg_f4d644",2.82107591629028
"seg_f52cdc",2.53759932518005
"seg_f5406b",2.78911018371582
"seg_f579ba",2.79660725593567
"seg_f57ca1",2.96724939346313
"seg_f59974",2.87775206565857
"seg_f5a4ee",8.5724983215332
"seg_f5a6ab",7.33492708206177
"seg_f5d2dd",2.85644769668579
"seg_f5e682",9.71443939208984
"seg_f60872",9.50509548187256
"seg_f618a8",2.44985771179199
"seg_f61b0e",3.42376375198364
"seg_f639cd",9.86517524719238
"seg_f639ec",8.13181495666504
"seg_f650cc",1.72899281978607
"seg_f6659e",2.81976413726807
"seg_f66db1",2.02156257629395
"seg_f679c6",8.99599742889404
"seg_f67ce2",5.2297158241272
"seg_f6828d",9.46116065979004
"seg_f69c38",3.64498353004456
"seg_f6a217",2.64264488220215
"seg_f6abc5",3.40769052505493
"seg_f6b70c",3.41903209686279
"seg_f6bae8",2.80151128768921
"seg_f6c0cb",2.24540686607361
"seg_f6c928",9.6852560043335
"seg_f6cfd4",5.44175910949707
"seg_f6d51b",3.31491661071777
"seg_f6e1ca",4.3577127456665
"seg_f6e89f",7.75934600830078
"seg_f6f523",6.09964323043823
"seg_f6f683",2.60320901870728
"seg_f7050a",4.49881172180176
"seg_f70b66",3.0536777973175
"seg_f71db8",2.63225197792053
"seg_f7290f",8.76700115203857
"seg_f734c8",4.19950532913208
"seg_f741af",4.59880065917969
"seg_f77ee5",3.08717751502991
"seg_f7d792",2.62016296386719
"seg_f7de40",7.86264801025391
"seg_f80e44",4.62785053253174
"seg_f83d28",7.95339584350586
"seg_f865be",9.01385593414307
"seg_f86c41",2.49955797195435
"seg_f88d4a",6.22998332977295
"seg_f8db0a",6.30947828292847
"seg_f8dd7e",2.5599524974823
"seg_f931de",5.65894174575806
"seg_f93ce5",8.2414436340332
"seg_f95fd3",2.91539764404297
"seg_f96d0e",2.91167068481445
"seg_f96d5a",5.43499565124512
"seg_f97274",3.54427313804626
"seg_f99b64",3.30381321907043
"seg_f9e4f2",3.09705424308777
"seg_f9eea3",2.66687440872192
"seg_fa0ac7",2.99303936958313
"seg_fa34c7",3.59712553024292
"seg_fa488e",3.44574809074402
"seg_fa4df0",8.86733436584473
"seg_fa6383",10.593729019165
"seg_fa796b",7.48190450668335
"seg_fa9f00",6.10550260543823
"seg_fad815",5.40939664840698
"seg_fb00b3",5.25208711624146
"seg_fb11ba",1.72115576267242
"seg_fb1f5c",8.24709320068359
"seg_fb4c26",5.6421422958374
"seg_fb74f0",5.67544412612915
"seg_fb76ca",4.72882986068726
"seg_fb8af5",7.62915754318237
"seg_fb9491",3.13631391525269
"seg_fb9b2e",6.91317701339722
"seg_fbce13",6.3234429359436
"seg_fbd66b",6.86822938919067
"seg_fbddb9",9.00073432922363
"seg_fbe3c2",3.27529883384705
"seg_fbf17a",8.26515769958496
"seg_fbff25",8.59702968597412
"seg_fc407c",7.54436492919922
"seg_fc57d4",4.58780241012573
"seg_fc8fd6",7.7477707862854
"seg_fcb7d0",2.67577481269836
"seg_fcca66",2.96609377861023
"seg_fcd32e",2.87622857093811
"seg_fd19b8",3.33896517753601
"seg_fd374e",3.37686228752136
"seg_fd6340",2.69003391265869
"seg_fd8add",3.59191203117371
"seg_fd9ac1",7.92477083206177
"seg_fdba93",2.33447265625
"seg_fdc1d4",7.8856258392334
"seg_fdd50e",6.16030025482178
"seg_fde767",7.17779016494751
"seg_fde86d",6.58273839950562
"seg_fdff11",8.51241397857666
"seg_fe2aac",3.28015184402466
"seg_fe5945",3.12576127052307
"seg_fe70c0",9.39808368682861
"seg_fe73b1",3.32342076301575
"seg_fe86f5",7.90292501449585
"seg_fea3e2",5.45366334915161
"seg_feb312",2.31873035430908
"seg_fedbd1",2.8794150352478
"seg_ff0f1b",8.63276863098145
"seg_ff1a62",4.12551689147949
"seg_ff2f2d",5.54536962509155
"seg_ff4236",3.36397099494934
"seg_ff7478",4.68651437759399
"seg_ff79d9",9.25475788116455
"seg_ffbd6a",2.27443599700928
"seg_ffe7cc",6.51042079925537
